# Host: 47.99.86.172  (Version: 5.5.61-log)
# Date: 2020-04-29 18:11:51
# Generator: MySQL-Front 5.3  (Build 4.234)

/*!40101 SET NAMES utf8 */;

#
# Structure for table "shhouse"
#

DROP TABLE IF EXISTS `shhouse`;
CREATE TABLE `shhouse` (
  `id` int(11) NOT NULL AUTO_INCREMENT,
  `user_id` int(11) NOT NULL DEFAULT '0' COMMENT '用户id',
  `unique_number` varchar(32) NOT NULL DEFAULT '' COMMENT '唯一编号',
  `pictures` varchar(255) NOT NULL DEFAULT '' COMMENT '图片',
  `village_id` int(11) NOT NULL DEFAULT '0' COMMENT '小区id',
  `block` varchar(10) NOT NULL DEFAULT '' COMMENT '栋',
  `unit` varchar(10) NOT NULL DEFAULT '' COMMENT '单元',
  `house_num` varchar(10) NOT NULL DEFAULT '' COMMENT '门牌号',
  `build_area` smallint(6) NOT NULL DEFAULT '0' COMMENT '建筑面积',
  `carpet_area` tinyint(3) NOT NULL DEFAULT '0' COMMENT '室内面积',
  `storey` smallint(6) NOT NULL DEFAULT '0' COMMENT '楼层',
  `all_storey` smallint(6) NOT NULL DEFAULT '0' COMMENT '总楼层',
  `house_layout` varchar(10) NOT NULL DEFAULT '' COMMENT '户型',
  `room_amount` tinyint(3) NOT NULL DEFAULT '0' COMMENT '房间个数',
  `hall_amount` tinyint(3) NOT NULL DEFAULT '0' COMMENT '厅个数',
  `toilet_amount` tinyint(3) NOT NULL DEFAULT '0' COMMENT '卫生间个数',
  `balcony_amount` tinyint(3) NOT NULL DEFAULT '0' COMMENT '阳台个数',
  `transaction_type` varchar(15) NOT NULL DEFAULT '' COMMENT '交易类型',
  `price` int(11) NOT NULL DEFAULT '0' COMMENT '出售总价',
  `unit_price` int(11) NOT NULL DEFAULT '0' COMMENT '出售单价(总价除以建筑面积而来)',
  `lease_price` int(11) NOT NULL DEFAULT '0' COMMENT '出租价(元/月)',
  `house_master_name` varchar(15) NOT NULL DEFAULT '' COMMENT '房主姓名',
  `mobile_1` varchar(15) NOT NULL DEFAULT '' COMMENT '联系电话1',
  `mobile_2` varchar(15) NOT NULL DEFAULT '' COMMENT '联系电话2',
  `house_type` varchar(15) NOT NULL DEFAULT '' COMMENT '房屋类型',
  `property_nature` varchar(15) NOT NULL DEFAULT '' COMMENT '产权性质',
  `build_time` int(11) NOT NULL DEFAULT '0' COMMENT '建房时间',
  `trim_time` int(11) NOT NULL DEFAULT '0' COMMENT '装修时间',
  `installation` varchar(255) NOT NULL DEFAULT '' COMMENT '配套设施',
  `direction` varchar(15) NOT NULL DEFAULT '' COMMENT '房屋朝向',
  `trim_type` varchar(15) NOT NULL DEFAULT '' COMMENT '装修类型',
  `has_elevator` tinyint(3) NOT NULL DEFAULT '1' COMMENT '是否有电梯：1是0否',
  `down_payment_amount` int(11) NOT NULL DEFAULT '0' COMMENT '首付金额',
  `look_up` tinyint(3) NOT NULL DEFAULT '0' COMMENT '看房方式:0预约,1有钥匙',
  `key_address` varchar(50) NOT NULL DEFAULT '' COMMENT '钥匙所在地',
  `look_time` varchar(50) NOT NULL DEFAULT '' COMMENT '看房时间',
  `certificate` varchar(15) NOT NULL DEFAULT '' COMMENT '证件',
  `now_status` varchar(15) NOT NULL DEFAULT '' COMMENT '房屋现状',
  `pay_type` varchar(15) NOT NULL DEFAULT '' COMMENT '出售付款方式',
  `lease_pay_type` varchar(15) NOT NULL DEFAULT '' COMMENT '出租付款方式',
  `down_payment` varchar(15) NOT NULL DEFAULT '0' COMMENT '首付要求',
  `has_loan` tinyint(3) NOT NULL DEFAULT '0' COMMENT '是否有贷款:1是0否',
  `can_remove_by_youself` tinyint(3) NOT NULL DEFAULT '1' COMMENT '是否可以自行解除贷款：1是0否',
  `house_tag` varchar(255) NOT NULL DEFAULT '' COMMENT '房源标签',
  `buy_time` int(11) NOT NULL DEFAULT '0' COMMENT '购买时间',
  `master_remarks` varchar(255) NOT NULL DEFAULT '' COMMENT '房主备注信息',
  `agent_id` int(11) NOT NULL DEFAULT '0' COMMENT '经纪人id',
  `agent_remarks` varchar(255) NOT NULL DEFAULT '' COMMENT '经纪人备注',
  `only_house` varchar(10) NOT NULL DEFAULT '' COMMENT '是否家庭唯一住房',
  `house_mortgage` varchar(15) NOT NULL DEFAULT '' COMMENT '房屋抵押',
  `loan_remove_type` varchar(15) NOT NULL DEFAULT '' COMMENT '贷款解押方式',
  `loan_type` varchar(15) NOT NULL DEFAULT '' COMMENT '贷款类型',
  `loan_amount` varchar(15) NOT NULL DEFAULT '' COMMENT '贷款总额',
  `property_card` varchar(15) NOT NULL DEFAULT '' COMMENT '产权证',
  `property_have` varchar(15) NOT NULL DEFAULT '' COMMENT '产权所有',
  `property_people_address` varchar(15) NOT NULL DEFAULT '' COMMENT '产权人所在地',
  `property_people_age` varchar(15) NOT NULL DEFAULT '' COMMENT '产权人年龄',
  `seal_up` varchar(15) NOT NULL DEFAULT '' COMMENT '查封',
  `start_time` int(11) NOT NULL DEFAULT '0' COMMENT '上架时间',
  `end_time` int(11) NOT NULL DEFAULT '0' COMMENT '下架时间',
  `weight` int(11) NOT NULL DEFAULT '0' COMMENT '权重：数值越大权重越高',
  `is_suggest` tinyint(3) NOT NULL DEFAULT '0' COMMENT '是否推荐：1是0否',
  `create_time` int(11) NOT NULL DEFAULT '0',
  `update_time` int(11) NOT NULL DEFAULT '0',
  `is_show` tinyint(3) NOT NULL DEFAULT '0' COMMENT '房源上下架,1上0下',
  `check_status` tinyint(3) NOT NULL DEFAULT '0' COMMENT '审核状态：0待审核，1审核通过，2审核不通过',
  `refuse_reason` varchar(50) NOT NULL DEFAULT '' COMMENT '审核不通过原因',
  `status` tinyint(3) NOT NULL DEFAULT '1' COMMENT '房屋状态：1正常0已删除',
  PRIMARY KEY (`id`),
  UNIQUE KEY `unique_number` (`unique_number`) COMMENT '房源编号唯一'
) ENGINE=InnoDB AUTO_INCREMENT=13 DEFAULT CHARSET=utf8 COMMENT='二手房房源信息';

#
# Data for table "shhouse"
#

INSERT INTO `shhouse` VALUES (1,2,'29646120','39,40,41',1,'二栋','二单元','701',90,80,7,30,'3室1厅1卫1阳',3,1,1,1,'出租',120,13334,1000,'Tyong','18223239699','','高层','经济适用房',946656000,1009814400,'电视,沙发,洗衣机,床,空调','东北','精装',1,0,0,'中介公司','08：00-12：30','房产证','租客用','商业贷款','押一年付','50%',1,1,'学区房,免双税,近地铁',1009814400,'无',3,'经纪人查勘备注','是','无','卖家解','商业贷','50万','有','独自所有','国内','成年人','无',1588037230,1590629230,0,1,1587959937,1588146277,1,0,'',1),(2,1,'31dVg21587968787','42,43',2,'一栋','一单元','502',100,98,5,30,'2室1厅',2,1,0,0,'出售',120,12000,0,'蒋颖昕','17623431248','无','高层','经济适用房',1587744000,1588176000,'电视,沙发,洗衣机,空调','北','毛胚',0,0,1,'房东','13：30','不动产证','空置','商议','','正常',1,0,'学区房',1583164800,'无',4,'经纪人查勘备注','是','无','买家解','抵押贷','50万','有','独自所有','国内','成年人','无',1587969042,1587969042,0,0,1587969042,1587969042,0,1,'',0),(3,1,'xBOk8M1587969588','42,43',2,'二栋','二单元','502',100,98,5,30,'5室1厅',5,1,0,0,'出售',120,12000,0,'蒋颖昕','17623431248','无','高层','房改房',1582905600,1588003200,'电视,沙发,空调','南','清水',1,0,1,'自看','13：30','房产证','业主自用','商业贷款','','正常',1,0,'学区房,免双税,近地铁',1588003200,'无',0,'','','','','','','','','','','',1587969708,1587969708,0,0,1587969708,1587969708,0,0,'',0),(4,1,'XUMfL51587970112','42,43',2,'一栋','一单元','502',100,98,5,20,'5室2厅',5,2,0,0,'出售',150,15000,0,'蒋颖昕','17623451248','无','高层','房改房',1588003200,1588003200,'电视,沙发,暖气','南','清水',1,0,1,'房东','15：30','房产证','业主自用','商业贷款','','正常',1,0,'学区房,免双税',1588003200,'',0,'','','','','','','','','','','',1587970245,1587970245,0,0,1587970245,1587970245,0,0,'',0),(5,1,'RNhgVb1587970296','42',1,'一栋','一单元','2',11,11,11,11,'1室1厅',1,1,0,0,'出售',1,910,0,'1','17623431248','','多层','商品房',1587916800,1587916800,'电视','北','毛胚',1,0,1,'','','不动产证','空置','商议','','商议',1,0,'学区房',1587916800,'',0,'','','','','','','','','','','',1587970354,1587970354,0,0,1587970354,1587970354,0,0,'',0),(6,1,'z5MI1N1587970801','42,43',1,'一栋','一单元','21',12,12,12,2,'12室12厅',12,12,0,0,'出售',12,10000,0,'12','12345678911','2','多层','商品房',1587916800,1587916800,'电视','北','毛胚',1,0,1,'','','不动产证','空置','商议','','商议',1,1,'学区房',1587916800,'',0,'','','','','','','','','','','',1587970901,1587970901,0,0,1587970901,1587970901,0,0,'',0),(7,1,'rPhjXA1587971143','44',2,'一栋','一单元','503',100,100,5,2,'5室0厅',5,0,0,0,'出售',150,15000,0,'蒋颖昕','17623431248','','高层','房改房',1588003200,1588003200,'电视,沙发,洗衣机','南','清水',1,0,1,'房东','13:30','房产证','业主自用','商业贷款','','50%',1,1,'学区房,免双税',1588089600,'',3,'','是','否','自解','银行贷款','100万','自己所有','自己所有','重庆市江北区大石坝街道','21','否',1587972023,1590564023,0,0,1587971532,1587978446,1,1,'',1),(9,3,'WkHLim1587980417','49,50,51',2,'二栋','一单元','603',100,90,6,18,'3室2厅',3,2,0,0,'出售',100,10000,0,'李四','18686868866','','小高层','商品房',1177603200,1398528000,'电视,沙发,洗衣机,床,冰箱,空调,暖气,衣柜,热水器','东南','中装',1,0,1,'123456','','不动产证','空置','商议','','正常',1,1,'学区房,近地铁,满五唯一,急卖',1366992000,'我们的生活方式是什么意思',5,'','','','','','','','','','','',1587997013,1590589013,0,0,1587980759,1587980759,1,1,'',0),(10,4,'UziQt81587980450','52,53',1,'一栋','一单元','1',120,110,1,18,'1室1厅',1,1,0,0,'出售',120,10000,0,'杨双源','18697949193','','多层','商品房',1587916800,1587916800,'电视,沙发,洗衣机,床,冰箱','北','精装',1,0,1,'维也纳','9:00-20:00','不动产证','业主自用','一次性付款','','商议',1,1,'学区房',1493222400,'',4,'','','','','','','','','','','',1587980775,1587980775,0,0,1587980775,1587983744,0,0,'',1),(11,3,'LTi6qs1587981428','54,55,56',1,'一栋','一单元','3B',100,90,3,18,'3室2厅',3,2,0,0,'出售',100,10000,0,'张三','18697941993','','小高层','商品房',1587916800,1587916800,'电视,木地板','南','简装',0,0,0,'','下班后','不动产证','业主自用','商议','','商议',0,0,'学区房,急卖',1587916800,'',5,'家园物业，房屋主阳台和卧房东南朝向，入户门向东，次卧和儿童房面向丹凤路，车流的嘈杂声会影响到次卧、儿童房、厨房和餐厅。采光很好','不唯一','60万抵押贷款，30万二押个人','客户解押','','90万','不动产权证','李四与赵五共有','南宁市青秀区长湖路69号维也纳','35岁左右','无查封',1588038811,1590630811,0,0,1587981595,1587981595,1,1,'',0),(12,6,'KTNIM81588042226','66,67,68',4,'2栋','2单元','403',100,90,4,11,'3室2厅',3,2,0,0,'出售',100,10000,0,'赵五','18176258989','','多层','商品房',1588003200,1588003200,'电视','北','毛胚',0,0,1,'34栋楼下的正和兴','','不动产证','空置','商议','','商议',0,0,'学区房,房管家',1588003200,'',5,'123123123123','否','','','','','','','','','',1588042781,1590634781,0,0,1588042400,1588042400,1,1,'',1),(13,1,'68641113','42',1,'一栋','一单元','12',120,100,12,30,'4室1厅1卫1阳',4,1,1,1,'出售',120,10000,1200,'蒋','17623431248','无','多层','商品房',1588003200,1588003200,'电视','北','毛胚',0,0,0,'房东','13：30','不动产证','空置','商议','','商议',0,0,'学区房',1588003200,'',0,'','','','','','','','','','','',1588059624,1588059624,0,0,1588059624,1588062528,0,0,'',0),(14,1,'64332113','42',1,'一栋','一单元','502',100,90,5,30,'5室2厅2卫1阳',5,2,2,1,'出售',120,12000,0,'蒋','17623431248','无','多层','商品房',1588003200,1588003200,'电视','北','毛胚',1,0,0,'','','不动产证','空置','商议','','商议',0,0,'学区房',1588003200,'',0,'','','','','','','','','','','',1588062924,1588062924,0,0,1588062924,1588062924,0,0,'',1),(15,1,'08446816','73',1,'一栋','一单元','22',22,11,1,1,'1室1厅1卫4阳',1,1,1,4,'出售',100,45455,1200,'12','12345678911','','多层','商品房',1588003200,1588003200,'电视','北','毛胚',0,0,0,'','','不动产证','空置','商议','押二付三','商议',0,0,'学区房',1588003200,'',5,'','','','','','','','','','','',1588066737,1590658737,0,0,1588064462,1588129378,1,0,'',1),(16,1,'82140617','43',1,'一栋','二单元','502',100,90,5,10,'5室1厅2卫1阳',5,1,2,1,'出租',100,10000,1202,'xiao小蒋','17623431248','','多层','商品房',1588089600,1588089600,'电视','北','毛胚',0,0,0,'','','不动产证','空置','商议','押二付三','商议',0,0,'学区房',1588089600,'',0,'','','','','','','','','','','',1588127622,1588127622,0,0,1588127622,1588132272,0,0,'',1),(17,2,'16932616','72',1,'一栋','一单元','708',100,98,6,40,'3室2厅1卫1阳',3,2,1,1,'出租',0,0,1200,'tyong','18223239699','','多层','商品房',1588089600,1588089600,'电视,床','北','毛胚',0,0,0,'','','不动产证','空置','商议','押二付三','商议',0,0,'学区房',1588089600,'',3,'','','','','','','','','','','',1588132247,1590724247,0,0,1588132167,1588132167,1,1,'',1),(18,3,'39027317','0',4,'2栋','1单元','1001',136,0,10,11,'3室2厅2卫2阳',3,2,2,2,'出租',0,0,3600,'卢一','18607898021','','多层','商品房',1106928000,1277740800,'电视,沙发,洗衣机,床,冰箱,空调,衣柜,热水器,地砖','东南','中装',1,0,0,'','下班时间','房产证','租客用','商议','押二付三','商议',1,0,'学区房',1088524800,'',5,'','','','','','','','','','','',1588142905,1590734905,0,0,1588141291,1588141291,1,1,'',1),(19,1,'07992419','74',1,'一栋','一单元','12',100,0,12,22,'5室2厅1卫1阳',5,2,1,1,'出租',100,10000,12,'蒋颖昕','17623431248','','多层','商品房',1588089600,1588089600,'电视,沙发,洗衣机','北','毛胚',0,0,0,'','','不动产证','空置','一次性付款','押二年付','50%',0,0,'学区房',1588089600,'',6,'','','','','','','','','','','',1588141733,1588141733,0,0,1588141733,1588141806,0,1,'',1),(20,6,'20764519','0',4,'3栋','1单元','402',163,0,4,11,'4室2厅2卫2阳',4,2,2,2,'出租',0,0,4200,'卢一','18176258989','','小高层','商品房',1104508800,1269964800,'电视,沙发,空调,木地板','南','中装',1,0,1,'南门的三迪','','房产证','空置','商议','押二付三','商议',0,0,'学区房',1146412800,'',6,'','','','','','','','','','','',1588142886,1590734886,0,0,1588142620,1588142620,1,1,'',1),(21,1,'61850620','0',1,'一栋','一单元','2',2,12,12,12,'12室21厅12卫1',12,21,12,12,'出售',12,60000,0,'12','17623431248','','多层','商品房',1588089600,1588089600,'电视','北','毛胚',0,0,0,'','','不动产证','空置','商议','押一付六','商议',0,0,'学区房',1588089600,'',0,'','','','','','','','','','','',1588146394,1588146394,0,0,1588146394,1588146394,0,0,'',1),(22,1,'39373721','0',1,'一栋','一单元','21',2,12,21,12,'2室2厅12卫12阳',2,2,12,12,'出售',12,60000,0,'12','17623431248','','多层','商品房',1588089600,1588089600,'电视','北','毛胚',0,0,0,'','','不动产证','空置','商议','押一付六','商议',0,0,'学区房',1588089600,'',0,'','','','','','','','','','','',1588147302,1588147302,0,0,1588147302,1588147302,0,0,'',1);

#
# Structure for table "shhouse_agent"
#

DROP TABLE IF EXISTS `shhouse_agent`;
CREATE TABLE `shhouse_agent` (
  `id` int(11) NOT NULL AUTO_INCREMENT,
  `admin_id` int(11) NOT NULL DEFAULT '0' COMMENT '管理员id',
  `name` varchar(30) NOT NULL DEFAULT '' COMMENT '经纪人姓名',
  `mobile` varchar(15) NOT NULL DEFAULT '' COMMENT '经纪人电话',
  `avatar` int(11) NOT NULL DEFAULT '0' COMMENT '头像',
  `escort_price` decimal(10,2) NOT NULL DEFAULT '0.00' COMMENT '陪同服务费',
  `working_life` tinyint(3) NOT NULL DEFAULT '0' COMMENT '工作年限',
  `working_position` varchar(30) NOT NULL DEFAULT '' COMMENT '服务地址范围',
  `speciality` varchar(255) NOT NULL DEFAULT '' COMMENT '特长',
  `introduction` varchar(255) NOT NULL DEFAULT '' COMMENT '简介',
  `status` tinyint(3) NOT NULL DEFAULT '0' COMMENT '经纪人状态：1正常0禁用',
  PRIMARY KEY (`id`),
  UNIQUE KEY `admin_id` (`admin_id`) COMMENT 'admin_id唯一'
) ENGINE=InnoDB DEFAULT CHARSET=utf8 COMMENT='二手房经纪人';

#
# Data for table "shhouse_agent"
#

INSERT INTO `shhouse_agent` VALUES (3,5,'tyong','18223239699',37,0.01,5,'主城','脚下的路','为人热情,工作认真负责',0),(4,6,'王斌','18223239655',37,0.01,5,'主城','细心','工作认真负责,有责任心',0),(5,8,'杨双源','18697941993',60,0.01,5,'买卖居间交易，租赁服务，房管家','1234561231456','啊撒旦法发噶发12332233',0),(6,7,'卢广1','18607898021',65,0.10,5,'房屋居间买卖租赁，房管家','123456654321','123456654321',0);

#
# Structure for table "shhouse_escort_order"
#

DROP TABLE IF EXISTS `shhouse_escort_order`;
CREATE TABLE `shhouse_escort_order` (
  `id` int(11) NOT NULL AUTO_INCREMENT,
  `order_num` varchar(32) NOT NULL DEFAULT '' COMMENT '订单号',
  `user_id` int(11) NOT NULL DEFAULT '0' COMMENT '用户id',
  `agent_id` int(11) NOT NULL DEFAULT '0' COMMENT '经纪人id',
  `shhouse_id` int(11) NOT NULL DEFAULT '0' COMMENT '预约房源id',
  `amount` decimal(10,2) NOT NULL DEFAULT '0.00' COMMENT '订单金额',
  `pay_amount` decimal(10,2) NOT NULL DEFAULT '0.00' COMMENT '支付金额',
  `pay_validity_time` int(11) NOT NULL DEFAULT '0' COMMENT '支付有效期，过期不能再支付',
  `pay_time` int(11) NOT NULL DEFAULT '0' COMMENT '支付时间',
  `pay_type` tinyint(3) NOT NULL DEFAULT '0' COMMENT '支付方式：1微信，2余额，3vip抵扣',
  `refund_time` int(11) NOT NULL DEFAULT '0' COMMENT '申请退款时间',
  `refund_complate_time` int(11) NOT NULL DEFAULT '0' COMMENT '退款完成时间',
  `create_time` int(11) NOT NULL DEFAULT '0',
  `status` tinyint(3) NOT NULL DEFAULT '0' COMMENT '订单状态：0待支付，1已支付，待同意，2已同意，待服务完成，3服务完成，4经纪人忙，暂时无法提供服务，5用户申请退款（只有4状态才能申请退款），6退款完成',
  PRIMARY KEY (`id`)
) ENGINE=InnoDB DEFAULT CHARSET=utf8 COMMENT='陪同服务订单';

#
# Data for table "shhouse_escort_order"
#

INSERT INTO `shhouse_escort_order` VALUES (1,'gl2020042715233897994898',1,3,7,0.01,0.01,0,1587972225,1,0,0,1587972218,6),(2,'gl2020042715245757565754',1,3,7,0.01,0.01,0,0,0,0,0,1587972297,0),(3,'gl2020042715245757565610',1,3,7,0.01,0.01,0,0,0,0,0,1587972297,0),(4,'gl2020042716491357535355',2,3,7,0.01,0.01,0,1587977360,1,0,0,1587977353,1),(5,'gl2020042717495010157995',4,3,1,0.01,0.01,0,1587980996,1,0,0,1587980990,6),(6,'gl2020042717495110297995',3,3,7,0.01,0.01,0,1587980995,1,0,0,1587980991,3),(7,'gl2020042717501897485110',3,3,7,0.01,0.01,0,0,0,0,0,1587981018,0),(8,'gl2020042717502549491019',3,3,7,0.01,0.01,0,0,0,0,0,1587981025,0),(9,'gl2020042717505310056551',4,3,1,0.01,0.01,0,0,0,0,0,1587981053,0),(10,'gl2020042717510456535251',4,3,7,0.01,0.01,0,1587981069,1,0,0,1587981064,6),(11,'gl2020042718404949985653',4,3,1,0.01,0.01,0,1587984056,1,0,0,1587984049,1),(12,'gl2020042718423256101102',3,3,1,0.01,0.01,0,1587984157,1,0,0,1587984152,6),(13,'gl2020042719543699565757',3,3,7,0.01,0.01,0,1587988481,1,0,0,1587988476,6),(14,'gl2020042810251498484849',6,3,1,0.01,0.01,0,1588040721,1,0,0,1588040714,6),(15,'gl2020042810390557529951',1,3,7,0.01,0.01,0,0,0,0,0,1588041545,0),(16,'gl2020042811045998521004',3,5,12,20.00,20.00,0,1588043104,1,0,0,1588043099,6),(17,'gl2020042811094456505799',1,3,7,0.01,0.01,0,0,0,0,0,1588043384,0),(18,'gl2020042814434210150481',3,5,12,20.00,20.00,0,0,0,0,0,1588056222,0),(19,'gl2020042814441410156101',3,5,12,20.00,20.00,0,0,0,0,0,1588056254,0),(20,'gl2020042814442798971001',3,5,12,20.00,20.00,0,0,0,0,0,1588056267,0),(21,'gl2020042815073656100102',2,3,7,0.02,0.02,0,0,0,0,0,1588057656,0),(22,'gl2020042815075699102515',2,3,7,0.02,0.02,0,1588057682,1,0,0,1588057677,1),(23,'gl2020042815080452481021',2,3,7,0.02,0.02,0,0,0,0,0,1588057684,0),(24,'gl2020042914255652995556',2,3,1,0.02,0.02,0,1588141562,1,0,0,1588141556,1),(25,'gl2020042915141555485157',6,6,20,0.02,0.02,0,1588144460,1,0,0,1588144455,1);

#
# Structure for table "shhouse_user"
#

DROP TABLE IF EXISTS `shhouse_user`;
CREATE TABLE `shhouse_user` (
  `user_id` int(11) NOT NULL DEFAULT '0' COMMENT '用户id',
  `is_vip` tinyint(3) NOT NULL DEFAULT '0' COMMENT '是否是vip：1是0否',
  `vip_end_time` int(11) NOT NULL DEFAULT '0' COMMENT 'vip截止时间',
  `look_mobile_times` int(11) NOT NULL DEFAULT '0' COMMENT '拥有查看电话次数',
  `escort_service_times` int(11) NOT NULL DEFAULT '0' COMMENT '拥有免费陪同看房服务次数',
  PRIMARY KEY (`user_id`)
) ENGINE=InnoDB DEFAULT CHARSET=utf8 COMMENT='用户信息扩展-二手房';

#
# Data for table "shhouse_user"
#

INSERT INTO `shhouse_user` VALUES (1,0,0,0,0),(2,0,1590569912,3,0),(3,1,1590572813,3,0),(4,1,1590572930,3,0),(5,0,0,0,0),(6,0,0,0,0);

#
# Structure for table "shhouse_village"
#

DROP TABLE IF EXISTS `shhouse_village`;
CREATE TABLE `shhouse_village` (
  `id` int(11) NOT NULL AUTO_INCREMENT,
  `type` tinyint(3) NOT NULL DEFAULT '1' COMMENT '1区域2街道3小区',
  `pid` int(11) NOT NULL DEFAULT '0' COMMENT '父级id',
  `name` varchar(30) NOT NULL DEFAULT '' COMMENT '区域,街道,小区的名字',
  `weight` int(11) NOT NULL DEFAULT '0' COMMENT '权重',
  `status` tinyint(3) NOT NULL DEFAULT '1' COMMENT '状态:1可用0禁用',
  PRIMARY KEY (`id`)
) ENGINE=InnoDB DEFAULT CHARSET=utf8 COMMENT='区域街道配置';

#
# Data for table "shhouse_village"
#

INSERT INTO `shhouse_village` VALUES (1,1,0,'青秀区',0,1),(2,1,0,'兴宁区',0,1),(3,1,0,'西乡塘区',0,1),(4,2,1,'凤岭北',0,1),(5,2,1,'凤岭南',0,1),(6,2,1,'仙葫',0,1),(7,2,2,'朝阳',0,1),(8,2,2,'友爱南',0,1),(9,2,2,'民主',0,1),(10,2,3,'安吉大道',0,1),(11,2,3,'相思湖',0,1),(12,2,3,'高新区',0,1),(13,1,0,'江南区',0,1),(14,1,0,'良庆区',0,1),(15,1,0,'邕宁区',0,1),(16,1,0,'武鸣区',0,1);

#
# Structure for table "shhouse_village_info"
#

DROP TABLE IF EXISTS `shhouse_village_info`;
CREATE TABLE `shhouse_village_info` (
  `id` int(11) NOT NULL AUTO_INCREMENT,
  `village_id` int(11) DEFAULT NULL,
  `street_id` int(11) NOT NULL DEFAULT '0' COMMENT '小区所在街道id',
  `name` varchar(255) NOT NULL DEFAULT '' COMMENT '小区名字',
  `block` varchar(500) NOT NULL DEFAULT '' COMMENT '栋/座',
  `unit` varchar(500) NOT NULL DEFAULT '' COMMENT '单元',
  `property_fee` varchar(15) NOT NULL DEFAULT '' COMMENT '物业费',
  `parking_rate` varchar(15) NOT NULL DEFAULT '' COMMENT '停车费',
  `greening_rate` varchar(10) NOT NULL DEFAULT '0' COMMENT '绿化率',
  `plot_ratio` varchar(10) NOT NULL DEFAULT '0' COMMENT '容积率',
  `total_house` int(11) NOT NULL DEFAULT '0' COMMENT '总户数',
  `area_covered` varchar(30) NOT NULL DEFAULT '0' COMMENT '占地面积',
  `developers` varchar(255) NOT NULL DEFAULT '' COMMENT '开发商',
  `education` varchar(255) NOT NULL DEFAULT '' COMMENT '教育',
  `traffic` varchar(255) NOT NULL DEFAULT '' COMMENT '交通',
  `medical_care` varchar(255) NOT NULL DEFAULT '' COMMENT '医疗',
  `business` varchar(255) NOT NULL DEFAULT '' COMMENT '商业',
  `market` varchar(255) NOT NULL DEFAULT '' COMMENT '市场',
  `park` varchar(255) NOT NULL DEFAULT '' COMMENT '公园',
  `remark` text NOT NULL COMMENT '备注',
  `info_organizer` varchar(30) NOT NULL DEFAULT '' COMMENT '信息整理人',
  `info_organiz_time` varchar(30) NOT NULL DEFAULT '' COMMENT '信息整理时间',
  `valuation_price` varchar(30) NOT NULL DEFAULT '' COMMENT '评估价格',
  `market_price` varchar(30) NOT NULL DEFAULT '' COMMENT '市场价',
  `land_nature` varchar(30) NOT NULL DEFAULT '' COMMENT '土地性质',
  `school_district` varchar(255) NOT NULL DEFAULT '' COMMENT '学区',
  `completion_time` varchar(30) NOT NULL DEFAULT '' COMMENT '竣工时间',
  `detaile_address` varchar(90) NOT NULL DEFAULT '' COMMENT '详细地址',
  `purpose` varchar(30) NOT NULL DEFAULT '' COMMENT '用途',
  PRIMARY KEY (`id`),
  UNIQUE KEY `village_id` (`village_id`) COMMENT '小区id唯一'
) ENGINE=InnoDB DEFAULT CHARSET=utf8 COMMENT='小区信息';

#
# Data for table "shhouse_village_info"
#

INSERT INTO `shhouse_village_info` VALUES (1,NULL,4,'凤岭北1','一栋,二栋,三栋','一单元,二单元,三单元','2元/平方','300/月','30%','20%',600,'30亩','开发商','教育','交通','医疗','商业','市场','公园','备注','信息整理人','信息整理时间','评估价格','市场价','土地性质','学区','竣工时间','详细地址','用途'),(2,NULL,9,'民主1','一栋,二栋,三栋','一单元,二单元,三单元','1元/平方米','450/月','20%','30%',450,'40亩','开发商','教育','交通','医疗','商业','市场','公园','备注','信息整理人','信息整理时间','评估价格','市场价','土地性质','学区','竣工时间','详细地址','用途'),(3,NULL,10,'安吉大道1','一座,二座,三座','','1.5元/平方','200元/月','30%','30%',500,'600亩','开发商','教育','交通','医疗','商业','市场','公园','备注','信息整理人','信息整理时间','评估价格','市场价','土地性质','学区','竣工时间','详细地址','用途'),(4,NULL,4,'维也纳森林小区','1栋,2栋,3栋','1单元,2单元,3单元','0.85元','300','25%','1.75',2800,'66666','南宁市荣顾房地产开发有限公司','玉兰路小学，四十七中','','','','','','','卢广','2020-4-28','13500-15500','13200-16200','出让','','2005-2012','南宁市青秀区长湖路69号','住宅');

#
# Structure for table "system_admin"
#

DROP TABLE IF EXISTS `system_admin`;
CREATE TABLE `system_admin` (
  `admin_id` int(11) NOT NULL AUTO_INCREMENT COMMENT '管理员id',
  `admin_name` varchar(55) NOT NULL COMMENT '管理员名字',
  `admin_password` varchar(32) NOT NULL COMMENT '管理员密码',
  `role_id` int(11) DEFAULT NULL COMMENT '所属角色',
  `status` tinyint(1) NOT NULL DEFAULT '1' COMMENT '0 禁用 1 启用',
  `add_time` datetime NOT NULL COMMENT '添加时间',
  `last_login_time` datetime DEFAULT NULL COMMENT '上次登录时间',
  `update_time` datetime DEFAULT NULL COMMENT '更新时间',
  PRIMARY KEY (`admin_id`) USING BTREE
) ENGINE=InnoDB AUTO_INCREMENT=6 DEFAULT CHARSET=utf8 ROW_FORMAT=DYNAMIC COMMENT='管理员';

#
# Data for table "system_admin"
#

INSERT INTO `system_admin` VALUES (1,'admin','e10adc3949ba59abbe56e057f20f883e',1,1,'2019-09-03 13:31:20','2020-04-29 14:45:39',NULL),(5,'tyong','e10adc3949ba59abbe56e057f20f883e',9,1,'0000-00-00 00:00:00','2020-04-29 15:21:04',NULL),(6,'wangbing','e10adc3949ba59abbe56e057f20f883e',9,1,'0000-00-00 00:00:00',NULL,NULL),(7,'纪元平台1店','4297f44b13955235245b2497399d7a93',9,1,'0000-00-00 00:00:00','2020-04-29 14:47:07',NULL),(8,'yang','e10adc3949ba59abbe56e057f20f883e',9,1,'0000-00-00 00:00:00',NULL,NULL);

#
# Structure for table "system_admin_login_log"
#

DROP TABLE IF EXISTS `system_admin_login_log`;
CREATE TABLE `system_admin_login_log` (
  `log_id` int(11) NOT NULL AUTO_INCREMENT COMMENT '日志id',
  `login_user` varchar(55) NOT NULL COMMENT '登录用户',
  `login_ip` varchar(15) NOT NULL COMMENT '登录ip',
  `login_area` varchar(55) DEFAULT NULL COMMENT '登录地区',
  `login_user_agent` varchar(155) DEFAULT NULL COMMENT '登录设备头',
  `login_time` datetime DEFAULT NULL COMMENT '登录时间',
  `login_status` tinyint(1) DEFAULT '1' COMMENT '登录状态 1 成功 2 失败',
  PRIMARY KEY (`log_id`)
) ENGINE=InnoDB AUTO_INCREMENT=118 DEFAULT CHARSET=utf8 COMMENT='管理员登录日志';

#
# Data for table "system_admin_login_log"
#

INSERT INTO `system_admin_login_log` VALUES (1,'admin','127.0.0.1','内网IP-内网IP','Mozilla/5.0 (Windows NT 10.0; Win64; x64) AppleWebKit/537.36 (KHTML, like Gecko) Chrome/75.0.3770.142 Safari/537.36','2019-10-11 16:03:07',1),(2,'admin','127.0.0.1','内网IP-内网IP','Mozilla/5.0 (Windows NT 6.1; WOW64) AppleWebKit/537.36 (KHTML, like Gecko) Chrome/70.0.3538.25 Safari/537.36 Core/1.70.3741.400 QQBrowser/10.5.3863.400','2020-03-25 18:18:19',1),(3,'admin','127.0.0.1','内网IP-内网IP','Mozilla/5.0 (Windows NT 6.1; Win64; x64) AppleWebKit/537.36 (KHTML, like Gecko) Chrome/75.0.3770.142 Safari/537.36','2020-03-25 18:32:34',1),(4,'admin','127.0.0.1','内网IP-内网IP','Mozilla/5.0 (Windows NT 6.1; WOW64) AppleWebKit/537.36 (KHTML, like Gecko) Chrome/70.0.3538.25 Safari/537.36 Core/1.70.3741.400 QQBrowser/10.5.3863.400','2020-03-27 10:34:45',2),(5,'admin','127.0.0.1','内网IP-内网IP','Mozilla/5.0 (Windows NT 6.1; WOW64) AppleWebKit/537.36 (KHTML, like Gecko) Chrome/70.0.3538.25 Safari/537.36 Core/1.70.3741.400 QQBrowser/10.5.3863.400','2020-03-27 10:38:35',2),(6,'admin','127.0.0.1','内网IP-内网IP','Mozilla/5.0 (Windows NT 6.1; WOW64) AppleWebKit/537.36 (KHTML, like Gecko) Chrome/70.0.3538.25 Safari/537.36 Core/1.70.3741.400 QQBrowser/10.5.3863.400','2020-03-27 10:39:23',2),(7,'admin','127.0.0.1','内网IP-内网IP','Mozilla/5.0 (Windows NT 6.1; WOW64) AppleWebKit/537.36 (KHTML, like Gecko) Chrome/70.0.3538.25 Safari/537.36 Core/1.70.3741.400 QQBrowser/10.5.3863.400','2020-03-27 10:41:25',2),(8,'admin','127.0.0.1','内网IP-内网IP','Mozilla/5.0 (Windows NT 6.1; WOW64) AppleWebKit/537.36 (KHTML, like Gecko) Chrome/70.0.3538.25 Safari/537.36 Core/1.70.3741.400 QQBrowser/10.5.3863.400','2020-03-27 10:41:41',1),(9,'admin','127.0.0.1','内网IP-内网IP','Mozilla/5.0 (Windows NT 10.0; WOW64) AppleWebKit/537.36 (KHTML, like Gecko) Chrome/70.0.3538.25 Safari/537.36 Core/1.70.3741.400 QQBrowser/10.5.3863.400','2020-03-29 11:41:22',2),(10,'admin','127.0.0.1','内网IP-内网IP','Mozilla/5.0 (Windows NT 10.0; WOW64) AppleWebKit/537.36 (KHTML, like Gecko) Chrome/70.0.3538.25 Safari/537.36 Core/1.70.3741.400 QQBrowser/10.5.3863.400','2020-03-29 11:41:31',1),(11,'admin','127.0.0.1','内网IP-内网IP','Mozilla/5.0 (Windows NT 10.0; WOW64) AppleWebKit/537.36 (KHTML, like Gecko) Chrome/70.0.3538.25 Safari/537.36 Core/1.70.3741.400 QQBrowser/10.5.3863.400','2020-03-29 19:28:15',2),(12,'admin','127.0.0.1','内网IP-内网IP','Mozilla/5.0 (Windows NT 10.0; WOW64) AppleWebKit/537.36 (KHTML, like Gecko) Chrome/70.0.3538.25 Safari/537.36 Core/1.70.3741.400 QQBrowser/10.5.3863.400','2020-03-29 19:28:32',1),(13,'tyong','127.0.0.1','内网IP-内网IP','Mozilla/5.0 (Windows NT 10.0; WOW64) AppleWebKit/537.36 (KHTML, like Gecko) Chrome/70.0.3538.25 Safari/537.36 Core/1.70.3741.400 QQBrowser/10.5.3863.400','2020-03-29 19:44:08',1),(14,'admin','127.0.0.1','内网IP-内网IP','Mozilla/5.0 (Windows NT 10.0; WOW64) AppleWebKit/537.36 (KHTML, like Gecko) Chrome/70.0.3538.25 Safari/537.36 Core/1.70.3741.400 QQBrowser/10.5.3863.400','2020-03-29 20:57:45',1),(15,'tyong','127.0.0.1','内网IP-内网IP','Mozilla/5.0 (Windows NT 10.0; Win64; x64) AppleWebKit/537.36 (KHTML, like Gecko) Chrome/80.0.3987.149 Safari/537.36','2020-03-29 20:59:22',1),(16,'tyong','127.0.0.1','内网IP-内网IP','Mozilla/5.0 (Windows NT 10.0; WOW64) AppleWebKit/537.36 (KHTML, like Gecko) Chrome/70.0.3538.25 Safari/537.36 Core/1.70.3741.400 QQBrowser/10.5.3863.400','2020-03-29 21:12:31',1),(17,'admin','127.0.0.1','内网IP-内网IP','Mozilla/5.0 (Windows NT 6.1; WOW64) AppleWebKit/537.36 (KHTML, like Gecko) Chrome/70.0.3538.25 Safari/537.36 Core/1.70.3741.400 QQBrowser/10.5.3863.400','2020-04-02 13:53:04',2),(18,'admin','127.0.0.1','内网IP-内网IP','Mozilla/5.0 (Windows NT 6.1; WOW64) AppleWebKit/537.36 (KHTML, like Gecko) Chrome/70.0.3538.25 Safari/537.36 Core/1.70.3741.400 QQBrowser/10.5.3863.400','2020-04-02 13:53:14',1),(19,'admin','127.0.0.1','内网IP-内网IP','Mozilla/5.0 (Windows NT 6.1; WOW64) AppleWebKit/537.36 (KHTML, like Gecko) Chrome/70.0.3538.25 Safari/537.36 Core/1.70.3741.400 QQBrowser/10.5.3863.400','2020-04-02 13:53:48',2),(20,'admin','127.0.0.1','内网IP-内网IP','Mozilla/5.0 (Windows NT 6.1; WOW64) AppleWebKit/537.36 (KHTML, like Gecko) Chrome/70.0.3538.25 Safari/537.36 Core/1.70.3741.400 QQBrowser/10.5.3863.400','2020-04-02 13:54:01',1),(21,'admin','127.0.0.1','内网IP-内网IP','Mozilla/5.0 (Windows NT 6.1; WOW64) AppleWebKit/537.36 (KHTML, like Gecko) Chrome/70.0.3538.25 Safari/537.36 Core/1.70.3741.400 QQBrowser/10.5.3863.400','2020-04-03 09:10:48',1),(22,'admin','127.0.0.1','内网IP-内网IP','Mozilla/5.0 (Windows NT 6.1; WOW64) AppleWebKit/537.36 (KHTML, like Gecko) Chrome/70.0.3538.25 Safari/537.36 Core/1.70.3741.400 QQBrowser/10.5.3863.400','2020-04-03 10:15:31',1),(23,'admin','127.0.0.1','内网IP-内网IP','Mozilla/5.0 (Windows NT 6.1; Win64; x64) AppleWebKit/537.36 (KHTML, like Gecko) Chrome/75.0.3770.142 Safari/537.36','2020-04-03 15:49:06',1),(24,'admin','127.0.0.1','内网IP-内网IP','Mozilla/5.0 (Windows NT 6.1; WOW64) AppleWebKit/537.36 (KHTML, like Gecko) Chrome/70.0.3538.25 Safari/537.36 Core/1.70.3741.400 QQBrowser/10.5.3863.400','2020-04-03 16:27:43',1),(25,'admin','127.0.0.1','内网IP-内网IP','Mozilla/5.0 (Windows NT 10.0; WOW64) AppleWebKit/537.36 (KHTML, like Gecko) Chrome/70.0.3538.25 Safari/537.36 Core/1.70.3741.400 QQBrowser/10.5.3863.400','2020-04-03 21:29:24',1),(26,'admin','127.0.0.1','内网IP-内网IP','Mozilla/5.0 (Windows NT 10.0; WOW64) AppleWebKit/537.36 (KHTML, like Gecko) Chrome/70.0.3538.25 Safari/537.36 Core/1.70.3741.400 QQBrowser/10.5.3863.400','2020-04-05 10:46:39',1),(27,'admin','127.0.0.1','内网IP-内网IP','Mozilla/5.0 (Windows NT 10.0; WOW64) AppleWebKit/537.36 (KHTML, like Gecko) Chrome/70.0.3538.25 Safari/537.36 Core/1.70.3741.400 QQBrowser/10.5.3863.400','2020-04-05 17:53:20',1),(28,'admin','127.0.0.1','内网IP-内网IP','Mozilla/5.0 (Windows NT 10.0; WOW64) AppleWebKit/537.36 (KHTML, like Gecko) Chrome/70.0.3538.25 Safari/537.36 Core/1.70.3741.400 QQBrowser/10.5.3863.400','2020-04-05 17:59:10',2),(29,'admin','127.0.0.1','内网IP-内网IP','Mozilla/5.0 (Windows NT 10.0; WOW64) AppleWebKit/537.36 (KHTML, like Gecko) Chrome/70.0.3538.25 Safari/537.36 Core/1.70.3741.400 QQBrowser/10.5.3863.400','2020-04-05 17:59:30',1),(30,'admin','127.0.0.1','内网IP-内网IP','Mozilla/5.0 (Windows NT 6.1; WOW64) AppleWebKit/537.36 (KHTML, like Gecko) Chrome/70.0.3538.25 Safari/537.36 Core/1.70.3741.400 QQBrowser/10.5.3863.400','2020-04-06 09:08:23',1),(31,'admin','127.0.0.1','内网IP-内网IP','Mozilla/5.0 (Windows NT 10.0; WOW64) AppleWebKit/537.36 (KHTML, like Gecko) Chrome/70.0.3538.25 Safari/537.36 Core/1.70.3741.400 QQBrowser/10.5.3863.400','2020-04-07 00:17:17',1),(32,'admin','127.0.0.1','内网IP-内网IP','Mozilla/5.0 (Windows NT 10.0; WOW64) AppleWebKit/537.36 (KHTML, like Gecko) Chrome/70.0.3538.25 Safari/537.36 Core/1.70.3741.400 QQBrowser/10.5.3863.400','2020-04-07 00:21:15',1),(33,'admin','123.144.122.198','中国-重庆-重庆-联通','Mozilla/5.0 (Windows NT 6.1; WOW64) AppleWebKit/537.36 (KHTML, like Gecko) Chrome/70.0.3538.25 Safari/537.36 Core/1.70.3741.400 QQBrowser/10.5.3863.400','2020-04-07 11:47:53',2),(34,'admin','123.144.122.198','中国-重庆-重庆-联通','Mozilla/5.0 (Windows NT 6.1; WOW64) AppleWebKit/537.36 (KHTML, like Gecko) Chrome/70.0.3538.25 Safari/537.36 Core/1.70.3741.400 QQBrowser/10.5.3863.400','2020-04-07 11:48:02',1),(35,'admin','183.67.55.249','中国-重庆-重庆-电信','Mozilla/5.0 (Windows NT 10.0; Win64; x64) AppleWebKit/537.36 (KHTML, like Gecko) Chrome/79.0.3945.88 Safari/537.36','2020-04-07 14:50:31',2),(36,'admin','183.67.55.249','中国-重庆-重庆-电信','Mozilla/5.0 (Windows NT 10.0; Win64; x64) AppleWebKit/537.36 (KHTML, like Gecko) Chrome/79.0.3945.88 Safari/537.36','2020-04-07 14:50:47',1),(37,'amdin','183.226.60.169','中国-重庆-重庆-移动','Mozilla/5.0 (Windows NT 10.0; WOW64) AppleWebKit/537.36 (KHTML, like Gecko) Chrome/70.0.3538.25 Safari/537.36 Core/1.70.3741.400 QQBrowser/10.5.3863.400','2020-04-07 20:51:44',2),(38,'admin','183.226.60.169','中国-重庆-重庆-移动','Mozilla/5.0 (Windows NT 10.0; WOW64) AppleWebKit/537.36 (KHTML, like Gecko) Chrome/70.0.3538.25 Safari/537.36 Core/1.70.3741.400 QQBrowser/10.5.3863.400','2020-04-07 20:51:56',1),(39,'admin','183.226.60.169','中国-重庆-重庆-移动','Mozilla/5.0 (Windows NT 10.0; WOW64) AppleWebKit/537.36 (KHTML, like Gecko) Chrome/70.0.3538.25 Safari/537.36 Core/1.70.3741.400 QQBrowser/10.5.3863.400','2020-04-08 21:23:33',1),(40,'admin','123.146.96.217','中国-重庆-重庆-联通','Mozilla/5.0 (Windows NT 6.1; WOW64) AppleWebKit/537.36 (KHTML, like Gecko) Chrome/70.0.3538.25 Safari/537.36 Core/1.70.3741.400 QQBrowser/10.5.3863.400','2020-04-09 15:23:46',1),(41,'admin','183.226.60.173','中国-重庆-重庆-移动','Mozilla/5.0 (Windows NT 10.0; WOW64) AppleWebKit/537.36 (KHTML, like Gecko) Chrome/70.0.3538.25 Safari/537.36 Core/1.70.3741.400 QQBrowser/10.5.3863.400','2020-04-09 21:02:38',2),(42,'admin','183.226.60.173','中国-重庆-重庆-移动','Mozilla/5.0 (Windows NT 10.0; WOW64) AppleWebKit/537.36 (KHTML, like Gecko) Chrome/70.0.3538.25 Safari/537.36 Core/1.70.3741.400 QQBrowser/10.5.3863.400','2020-04-09 21:03:01',1),(43,'admin','183.67.52.82','中国-重庆-重庆-电信','Mozilla/5.0 (Windows NT 6.1; WOW64) AppleWebKit/537.36 (KHTML, like Gecko) Chrome/70.0.3538.25 Safari/537.36 Core/1.70.3741.400 QQBrowser/10.5.3863.400','2020-04-10 09:36:45',2),(44,'admin','183.67.52.82','中国-重庆-重庆-电信','Mozilla/5.0 (Windows NT 6.1; WOW64) AppleWebKit/537.36 (KHTML, like Gecko) Chrome/70.0.3538.25 Safari/537.36 Core/1.70.3741.400 QQBrowser/10.5.3863.400','2020-04-10 09:36:54',2),(45,'admin','183.67.52.82','中国-重庆-重庆-电信','Mozilla/5.0 (Windows NT 6.1; WOW64) AppleWebKit/537.36 (KHTML, like Gecko) Chrome/70.0.3538.25 Safari/537.36 Core/1.70.3741.400 QQBrowser/10.5.3863.400','2020-04-10 09:37:08',2),(46,'admin','183.67.52.82','中国-重庆-重庆-电信','Mozilla/5.0 (Windows NT 6.1; WOW64) AppleWebKit/537.36 (KHTML, like Gecko) Chrome/70.0.3538.25 Safari/537.36 Core/1.70.3741.400 QQBrowser/10.5.3863.400','2020-04-10 09:37:37',2),(47,'admin','183.67.52.82','中国-重庆-重庆-电信','Mozilla/5.0 (Windows NT 6.1; WOW64) AppleWebKit/537.36 (KHTML, like Gecko) Chrome/70.0.3538.25 Safari/537.36 Core/1.70.3741.400 QQBrowser/10.5.3863.400','2020-04-10 09:38:07',1),(48,'admin','183.67.52.82','中国-重庆-重庆-电信','Mozilla/5.0 (Windows NT 6.1; WOW64) AppleWebKit/537.36 (KHTML, like Gecko) Chrome/70.0.3538.25 Safari/537.36 Core/1.70.3741.400 QQBrowser/10.5.3863.400','2020-04-10 14:09:46',1),(49,'admin','183.67.52.82','中国-重庆-重庆-电信','Mozilla/5.0 (Windows NT 6.1; WOW64) AppleWebKit/537.36 (KHTML, like Gecko) Chrome/70.0.3538.25 Safari/537.36 Core/1.70.3741.400 QQBrowser/10.5.3863.400','2020-04-10 16:25:21',1),(50,'admin','183.67.52.82','中国-重庆-重庆-电信','Mozilla/5.0 (Windows NT 10.0; Win64; x64) AppleWebKit/537.36 (KHTML, like Gecko) Chrome/79.0.3945.88 Safari/537.36','2020-04-11 11:12:56',1),(51,'admin','183.67.52.82','中国-重庆-重庆-电信','Mozilla/5.0 (Windows NT 10.0; Win64; x64) AppleWebKit/537.36 (KHTML, like Gecko) Chrome/79.0.3945.88 Safari/537.36','2020-04-11 14:19:33',1),(52,'admin','183.226.61.240','中国-重庆-重庆-移动','Mozilla/5.0 (Windows NT 10.0; WOW64) AppleWebKit/537.36 (KHTML, like Gecko) Chrome/70.0.3538.25 Safari/537.36 Core/1.70.3741.400 QQBrowser/10.5.3863.400','2020-04-11 21:15:25',1),(53,'admin','183.226.61.240','中国-重庆-重庆-移动','Mozilla/5.0 (Windows NT 10.0; WOW64) AppleWebKit/537.36 (KHTML, like Gecko) Chrome/70.0.3538.25 Safari/537.36 Core/1.70.3741.400 QQBrowser/10.5.3863.400','2020-04-11 23:18:51',1),(54,'admin','183.226.60.182','中国-重庆-重庆-移动','Mozilla/5.0 (Windows NT 10.0; WOW64) AppleWebKit/537.36 (KHTML, like Gecko) Chrome/70.0.3538.25 Safari/537.36 Core/1.70.3741.400 QQBrowser/10.5.3863.400','2020-04-12 14:57:33',1),(55,'admin','183.226.60.182','中国-重庆-重庆-移动','Mozilla/5.0 (Windows NT 10.0; WOW64) AppleWebKit/537.36 (KHTML, like Gecko) Chrome/70.0.3538.25 Safari/537.36 Core/1.70.3741.400 QQBrowser/10.5.3863.400','2020-04-12 21:04:06',1),(56,'admin','123.146.101.178','中国-重庆-重庆-联通','Mozilla/5.0 (Windows NT 6.1; WOW64) AppleWebKit/537.36 (KHTML, like Gecko) Chrome/70.0.3538.25 Safari/537.36 Core/1.70.3741.400 QQBrowser/10.5.3863.400','2020-04-13 09:58:27',1),(57,'admin','123.146.101.178','中国-重庆-重庆-联通','Mozilla/5.0 (Windows NT 6.1; WOW64) AppleWebKit/537.36 (KHTML, like Gecko) Chrome/70.0.3538.25 Safari/537.36 Core/1.70.3741.400 QQBrowser/10.5.3863.400','2020-04-13 13:04:30',1),(58,'admin','123.146.101.178','中国-重庆-重庆-联通','Mozilla/5.0 (Windows NT 6.1; WOW64) AppleWebKit/537.36 (KHTML, like Gecko) Chrome/70.0.3538.25 Safari/537.36 Core/1.70.3741.400 QQBrowser/10.5.3863.400','2020-04-13 13:06:28',1),(59,'admin','123.146.101.178','中国-重庆-重庆-联通','Mozilla/5.0 (Windows NT 6.1; Win64; x64) AppleWebKit/537.36 (KHTML, like Gecko) Chrome/75.0.3770.142 Safari/537.36','2020-04-13 13:44:04',1),(60,'admin','123.146.101.178','中国-重庆-重庆-联通','Mozilla/5.0 (Windows NT 6.1; Win64; x64) AppleWebKit/537.36 (KHTML, like Gecko) Chrome/75.0.3770.142 Safari/537.36','2020-04-13 14:17:01',1),(61,'admin','123.146.101.178','中国-重庆-重庆-联通','Mozilla/5.0 (compatible; MSIE 9.0; Windows NT 6.1; Win64; x64; Trident/5.0)','2020-04-13 14:32:07',1),(62,'admin','123.146.101.178','中国-重庆-重庆-联通','Mozilla/5.0 (Windows NT 6.1; WOW64) AppleWebKit/537.36 (KHTML, like Gecko) Chrome/70.0.3538.25 Safari/537.36 Core/1.70.3741.400 QQBrowser/10.5.3863.400','2020-04-13 14:32:32',1),(63,'admin','123.146.101.178','中国-重庆-重庆-联通','Mozilla/5.0 (compatible; MSIE 9.0; Windows NT 6.1; Win64; x64; Trident/5.0)','2020-04-13 14:34:49',2),(64,'admin','123.146.101.178','中国-重庆-重庆-联通','Mozilla/5.0 (compatible; MSIE 9.0; Windows NT 6.1; Win64; x64; Trident/5.0)','2020-04-13 14:34:59',1),(65,'admin','123.146.101.178','中国-重庆-重庆-联通','Mozilla/5.0 (Windows NT 6.1; WOW64) AppleWebKit/537.36 (KHTML, like Gecko) Chrome/70.0.3538.25 Safari/537.36 Core/1.70.3741.400 QQBrowser/10.5.3863.400','2020-04-13 14:35:28',1),(66,'admin','123.146.101.178','中国-重庆-重庆-联通','Mozilla/5.0 (Windows NT 6.1; Win64; x64) AppleWebKit/537.36 (KHTML, like Gecko) Chrome/75.0.3770.142 Safari/537.36','2020-04-13 14:35:37',1),(67,'admin','123.146.101.178','中国-重庆-重庆-联通','Mozilla/5.0 (compatible; MSIE 9.0; Windows NT 6.1; Win64; x64; Trident/5.0)','2020-04-13 14:41:46',1),(68,'admin','123.146.101.178','中国-重庆-重庆-联通','Mozilla/5.0 (Windows NT 6.1; Win64; x64) AppleWebKit/537.36 (KHTML, like Gecko) Chrome/75.0.3770.142 Safari/537.36','2020-04-13 14:42:01',1),(69,'admin','123.146.101.178','中国-重庆-重庆-联通','Mozilla/5.0 (Windows NT 6.1; WOW64) AppleWebKit/537.36 (KHTML, like Gecko) Chrome/70.0.3538.25 Safari/537.36 Core/1.70.3741.400 QQBrowser/10.5.3863.400','2020-04-13 14:42:18',1),(70,'admin','123.146.101.178','中国-重庆-重庆-联通','Mozilla/5.0 (Windows NT 6.1; WOW64) AppleWebKit/537.36 (KHTML, like Gecko) Chrome/70.0.3538.25 Safari/537.36 Core/1.70.3741.400 QQBrowser/10.5.3863.400','2020-04-13 14:57:44',2),(71,'admin','123.146.101.178','中国-重庆-重庆-联通','Mozilla/5.0 (Windows NT 6.1; WOW64) AppleWebKit/537.36 (KHTML, like Gecko) Chrome/70.0.3538.25 Safari/537.36 Core/1.70.3741.400 QQBrowser/10.5.3863.400','2020-04-13 14:57:49',2),(72,'admin','123.146.101.178','中国-重庆-重庆-联通','Mozilla/5.0 (Windows NT 6.1; WOW64) AppleWebKit/537.36 (KHTML, like Gecko) Chrome/70.0.3538.25 Safari/537.36 Core/1.70.3741.400 QQBrowser/10.5.3863.400','2020-04-13 14:58:04',1),(73,'admin','123.146.101.178','中国-重庆-重庆-联通','Mozilla/5.0 (Windows NT 6.1; Win64; x64) AppleWebKit/537.36 (KHTML, like Gecko) Chrome/75.0.3770.142 Safari/537.36','2020-04-13 14:58:12',1),(74,'admin','123.146.101.178','中国-重庆-重庆-联通','Mozilla/5.0 (compatible; MSIE 9.0; Windows NT 6.1; Win64; x64; Trident/5.0)','2020-04-13 14:58:24',2),(75,'admin','123.146.101.178','中国-重庆-重庆-联通','Mozilla/5.0 (compatible; MSIE 9.0; Windows NT 6.1; Win64; x64; Trident/5.0)','2020-04-13 14:58:38',1),(76,'admin','183.226.60.237','中国-重庆-重庆-移动','Mozilla/5.0 (Windows NT 10.0; WOW64) AppleWebKit/537.36 (KHTML, like Gecko) Chrome/70.0.3538.25 Safari/537.36 Core/1.70.3741.400 QQBrowser/10.5.3863.400','2020-04-13 22:38:12',1),(77,'admin','183.226.60.237','中国-重庆-重庆-移动','Mozilla/5.0 (Windows NT 10.0; WOW64) AppleWebKit/537.36 (KHTML, like Gecko) Chrome/70.0.3538.25 Safari/537.36 Core/1.70.3741.400 QQBrowser/10.5.3863.400','2020-04-13 23:59:47',1),(78,'admin','123.146.101.178','中国-重庆-重庆-联通','Mozilla/5.0 (Windows NT 6.1; WOW64) AppleWebKit/537.36 (KHTML, like Gecko) Chrome/70.0.3538.25 Safari/537.36 Core/1.70.3741.400 QQBrowser/10.5.3863.400','2020-04-14 11:36:36',1),(79,'admin','123.146.101.178','中国-重庆-重庆-联通','Mozilla/5.0 (Windows NT 6.1; WOW64) AppleWebKit/537.36 (KHTML, like Gecko) Chrome/70.0.3538.25 Safari/537.36 Core/1.70.3741.400 QQBrowser/10.5.3863.400','2020-04-14 13:45:36',1),(80,'admin','123.146.101.178','中国-重庆-重庆-联通','Mozilla/5.0 (Windows NT 6.1; WOW64) AppleWebKit/537.36 (KHTML, like Gecko) Chrome/70.0.3538.25 Safari/537.36 Core/1.70.3741.400 QQBrowser/10.5.3863.400','2020-04-14 14:53:57',2),(81,'admin','123.146.101.178','中国-重庆-重庆-联通','Mozilla/5.0 (Windows NT 6.1; WOW64) AppleWebKit/537.36 (KHTML, like Gecko) Chrome/70.0.3538.25 Safari/537.36 Core/1.70.3741.400 QQBrowser/10.5.3863.400','2020-04-14 14:54:05',1),(82,'admin','123.146.101.178','中国-重庆-重庆-联通','Mozilla/5.0 (Windows NT 6.1; WOW64) AppleWebKit/537.36 (KHTML, like Gecko) Chrome/70.0.3538.25 Safari/537.36 Core/1.70.3741.400 QQBrowser/10.5.3863.400','2020-04-14 15:01:47',2),(83,'admin','123.146.101.178','中国-重庆-重庆-联通','Mozilla/5.0 (Windows NT 6.1; WOW64) AppleWebKit/537.36 (KHTML, like Gecko) Chrome/70.0.3538.25 Safari/537.36 Core/1.70.3741.400 QQBrowser/10.5.3863.400','2020-04-14 15:01:55',1),(84,'admin','123.146.101.178','中国-重庆-重庆-联通','Mozilla/5.0 (Windows NT 6.1; Win64; x64) AppleWebKit/537.36 (KHTML, like Gecko) Chrome/75.0.3770.142 Safari/537.36','2020-04-14 15:09:41',1),(85,'admin','123.146.101.178','中国-重庆-重庆-联通','Mozilla/5.0 (Windows NT 6.1; Win64; x64) AppleWebKit/537.36 (KHTML, like Gecko) Chrome/75.0.3770.142 Safari/537.36','2020-04-14 15:28:52',1),(86,'admin','127.0.0.1','内网IP-内网IP','Mozilla/5.0 (Windows NT 6.1; WOW64) AppleWebKit/537.36 (KHTML, like Gecko) Chrome/70.0.3538.25 Safari/537.36 Core/1.70.3741.400 QQBrowser/10.5.3863.400','2020-04-14 15:33:26',1),(87,'admin','127.0.0.1','内网IP-内网IP','Mozilla/5.0 (Windows NT 6.1; WOW64) AppleWebKit/537.36 (KHTML, like Gecko) Chrome/70.0.3538.25 Safari/537.36 Core/1.70.3741.400 QQBrowser/10.5.3863.400','2020-04-14 15:34:13',1),(88,'admin','127.0.0.1','内网IP-内网IP','Mozilla/5.0 (Windows NT 6.1; WOW64) AppleWebKit/537.36 (KHTML, like Gecko) Chrome/70.0.3538.25 Safari/537.36 Core/1.70.3741.400 QQBrowser/10.5.3863.400','2020-04-14 15:34:58',2),(89,'admin','127.0.0.1','内网IP-内网IP','Mozilla/5.0 (Windows NT 6.1; WOW64) AppleWebKit/537.36 (KHTML, like Gecko) Chrome/70.0.3538.25 Safari/537.36 Core/1.70.3741.400 QQBrowser/10.5.3863.400','2020-04-14 15:35:08',1),(90,'admin','127.0.0.1','内网IP-内网IP','Mozilla/5.0 (Windows NT 6.1; WOW64) AppleWebKit/537.36 (KHTML, like Gecko) Chrome/70.0.3538.25 Safari/537.36 Core/1.70.3741.400 QQBrowser/10.5.3863.400','2020-04-14 15:35:31',1),(91,'admin','127.0.0.1','内网IP-内网IP','Mozilla/5.0 (Windows NT 6.1; Win64; x64) AppleWebKit/537.36 (KHTML, like Gecko) Chrome/75.0.3770.142 Safari/537.36','2020-04-14 15:36:13',1),(92,'admin','127.0.0.1','内网IP-内网IP','Mozilla/5.0 (Windows NT 6.1; Win64; x64) AppleWebKit/537.36 (KHTML, like Gecko) Chrome/75.0.3770.142 Safari/537.36','2020-04-14 15:36:41',1),(93,'admin','127.0.0.1','内网IP-内网IP','Mozilla/5.0 (Windows NT 6.1; Win64; x64) AppleWebKit/537.36 (KHTML, like Gecko) Chrome/75.0.3770.142 Safari/537.36','2020-04-14 15:37:50',1),(94,'admin','127.0.0.1','内网IP-内网IP','Mozilla/5.0 (Windows NT 6.1; Win64; x64) AppleWebKit/537.36 (KHTML, like Gecko) Chrome/75.0.3770.142 Safari/537.36','2020-04-14 15:46:28',1),(95,'admin','127.0.0.1','内网IP-内网IP','Mozilla/5.0 (Windows NT 6.1; Win64; x64) AppleWebKit/537.36 (KHTML, like Gecko) Chrome/75.0.3770.142 Safari/537.36','2020-04-14 15:48:29',1),(96,'admin','127.0.0.1','内网IP-内网IP','Mozilla/5.0 (Windows NT 6.1; Win64; x64) AppleWebKit/537.36 (KHTML, like Gecko) Chrome/75.0.3770.142 Safari/537.36','2020-04-14 15:49:44',1),(97,'asdf','127.0.0.1','内网IP-内网IP','Mozilla/5.0 (Windows NT 6.1; WOW64) AppleWebKit/537.36 (KHTML, like Gecko) Chrome/70.0.3538.25 Safari/537.36 Core/1.70.3741.400 QQBrowser/10.5.3863.400','2020-04-14 15:51:04',2),(98,'admin','127.0.0.1','内网IP-内网IP','Mozilla/5.0 (Windows NT 6.1; WOW64) AppleWebKit/537.36 (KHTML, like Gecko) Chrome/70.0.3538.25 Safari/537.36 Core/1.70.3741.400 QQBrowser/10.5.3863.400','2020-04-14 15:51:16',2),(99,'admin','127.0.0.1','内网IP-内网IP','Mozilla/5.0 (Windows NT 6.1; WOW64) AppleWebKit/537.36 (KHTML, like Gecko) Chrome/70.0.3538.25 Safari/537.36 Core/1.70.3741.400 QQBrowser/10.5.3863.400','2020-04-14 15:51:31',1),(100,'admin','127.0.0.1','内网IP-内网IP','Mozilla/5.0 (Windows NT 6.1; Win64; x64) AppleWebKit/537.36 (KHTML, like Gecko) Chrome/75.0.3770.142 Safari/537.36','2020-04-14 15:52:42',1),(101,'admin','183.226.60.164','中国-重庆-重庆-移动','Mozilla/5.0 (Windows NT 10.0; WOW64) AppleWebKit/537.36 (KHTML, like Gecko) Chrome/70.0.3538.25 Safari/537.36 Core/1.70.3741.400 QQBrowser/10.5.3863.400','2020-04-15 21:53:19',1),(102,'admin','123.146.101.178','中国-重庆-重庆-联通','Mozilla/5.0 (Windows NT 6.1; WOW64) AppleWebKit/537.36 (KHTML, like Gecko) Chrome/70.0.3538.25 Safari/537.36 Core/1.70.3741.400 QQBrowser/10.5.3863.400','2020-04-16 09:13:58',1),(103,'tyong','123.146.101.178','中国-重庆-重庆-联通','Mozilla/5.0 (Windows NT 6.1; WOW64) AppleWebKit/537.36 (KHTML, like Gecko) Chrome/70.0.3538.25 Safari/537.36 Core/1.70.3741.400 QQBrowser/10.5.3863.400','2020-04-16 11:30:13',1),(104,'admin','123.146.101.178','中国-重庆-重庆-联通','Mozilla/5.0 (Windows NT 6.1; WOW64) AppleWebKit/537.36 (KHTML, like Gecko) Chrome/70.0.3538.25 Safari/537.36 Core/1.70.3741.400 QQBrowser/10.5.3863.400','2020-04-16 11:33:08',1),(105,'tyong','123.146.101.178','中国-重庆-重庆-联通','Mozilla/5.0 (Windows NT 6.1; Win64; x64) AppleWebKit/537.36 (KHTML, like Gecko) Chrome/75.0.3770.142 Safari/537.36','2020-04-16 12:02:18',1),(106,'admin','123.146.101.178','中国-重庆-重庆-联通','Mozilla/5.0 (Windows NT 6.1; Win64; x64) AppleWebKit/537.36 (KHTML, like Gecko) Chrome/75.0.3770.142 Safari/537.36','2020-04-16 15:35:38',1),(107,'tyong','123.146.101.178','中国-重庆-重庆-联通','Mozilla/5.0 (Windows NT 6.1; Win64; x64) AppleWebKit/537.36 (KHTML, like Gecko) Chrome/75.0.3770.142 Safari/537.36','2020-04-16 15:42:50',1),(108,'admin','183.67.51.122','中国-重庆-重庆-电信','Mozilla/5.0 (Windows NT 6.1; WOW64) AppleWebKit/537.36 (KHTML, like Gecko) Chrome/70.0.3538.25 Safari/537.36 Core/1.70.3741.400 QQBrowser/10.5.3863.400','2020-04-17 16:07:05',1),(109,'admin','183.226.60.46','中国-重庆-重庆-移动','Mozilla/5.0 (Windows NT 10.0; WOW64) AppleWebKit/537.36 (KHTML, like Gecko) Chrome/70.0.3538.25 Safari/537.36 Core/1.70.3741.400 QQBrowser/10.5.3863.400','2020-04-19 14:06:52',1),(110,'admin','183.226.60.46','中国-重庆-重庆-移动','Mozilla/5.0 (Windows NT 10.0; WOW64) AppleWebKit/537.36 (KHTML, like Gecko) Chrome/70.0.3538.25 Safari/537.36 Core/1.70.3741.400 QQBrowser/10.5.3863.400','2020-04-19 18:03:25',1),(111,'admin','123.146.97.7','中国-重庆-重庆-联通','Mozilla/5.0 (Windows NT 6.1; WOW64) AppleWebKit/537.36 (KHTML, like Gecko) Chrome/70.0.3538.25 Safari/537.36 Core/1.70.3741.400 QQBrowser/10.5.3863.400','2020-04-20 13:59:26',2),(112,'admin','123.146.97.7','中国-重庆-重庆-联通','Mozilla/5.0 (Windows NT 6.1; WOW64) AppleWebKit/537.36 (KHTML, like Gecko) Chrome/70.0.3538.25 Safari/537.36 Core/1.70.3741.400 QQBrowser/10.5.3863.400','2020-04-20 13:59:36',1),(113,'admin','123.146.97.7','中国-重庆-重庆-联通','Mozilla/5.0 (Windows NT 6.1; WOW64) AppleWebKit/537.36 (KHTML, like Gecko) Chrome/70.0.3538.25 Safari/537.36 Core/1.70.3741.400 QQBrowser/10.5.3863.400','2020-04-20 17:01:18',1),(114,'admin','123.146.97.7','中国-重庆-重庆-联通','Mozilla/5.0 (Windows NT 6.1; WOW64) AppleWebKit/537.36 (KHTML, like Gecko) Chrome/70.0.3538.25 Safari/537.36 Core/1.70.3741.400 QQBrowser/10.5.3863.400','2020-04-21 16:16:13',1),(115,'admin','123.146.97.7','中国-重庆-重庆-联通','Mozilla/5.0 (Windows NT 6.1; WOW64) AppleWebKit/537.36 (KHTML, like Gecko) Chrome/70.0.3538.25 Safari/537.36 Core/1.70.3741.400 QQBrowser/10.5.3863.400','2020-04-22 11:16:21',2),(116,'admin','123.146.97.7','中国-重庆-重庆-联通','Mozilla/5.0 (Windows NT 6.1; WOW64) AppleWebKit/537.36 (KHTML, like Gecko) Chrome/70.0.3538.25 Safari/537.36 Core/1.70.3741.400 QQBrowser/10.5.3863.400','2020-04-22 11:16:28',1),(117,'admin','123.146.97.7','中国-重庆-重庆-联通','Mozilla/5.0 (Windows NT 6.1; WOW64) AppleWebKit/537.36 (KHTML, like Gecko) Chrome/70.0.3538.25 Safari/537.36 Core/1.70.3741.400 QQBrowser/10.5.3863.400','2020-04-23 09:55:58',1),(118,'admin','123.146.97.7','中国-重庆-重庆-联通','Mozilla/5.0 (Windows NT 6.1; WOW64) AppleWebKit/537.36 (KHTML, like Gecko) Chrome/70.0.3538.25 Safari/537.36 Core/1.70.3741.400 QQBrowser/10.5.3863.400','2020-04-23 13:46:51',2),(119,'admin','123.146.97.7','中国-重庆-重庆-联通','Mozilla/5.0 (Windows NT 6.1; WOW64) AppleWebKit/537.36 (KHTML, like Gecko) Chrome/70.0.3538.25 Safari/537.36 Core/1.70.3741.400 QQBrowser/10.5.3863.400','2020-04-23 13:47:03',2),(120,'admin','123.146.97.7','中国-重庆-重庆-联通','Mozilla/5.0 (Windows NT 6.1; WOW64) AppleWebKit/537.36 (KHTML, like Gecko) Chrome/70.0.3538.25 Safari/537.36 Core/1.70.3741.400 QQBrowser/10.5.3863.400','2020-04-23 13:47:11',1),(121,'admin','183.67.55.71','中国-重庆-重庆-电信','Mozilla/5.0 (Windows NT 10.0; Win64; x64) AppleWebKit/537.36 (KHTML, like Gecko) Chrome/79.0.3945.88 Safari/537.36','2020-04-23 16:21:05',1),(122,'admin','123.146.97.7','中国-重庆-重庆-联通','Mozilla/5.0 (Windows NT 6.1; WOW64) AppleWebKit/537.36 (KHTML, like Gecko) Chrome/70.0.3538.25 Safari/537.36 Core/1.70.3741.400 QQBrowser/10.5.3863.400','2020-04-24 09:18:03',1),(123,'admin','183.67.49.13','中国-重庆-重庆-电信','Mozilla/5.0 (Windows NT 10.0; Win64; x64) AppleWebKit/537.36 (KHTML, like Gecko) Chrome/79.0.3945.88 Safari/537.36','2020-04-24 11:49:53',1),(124,'admin','123.146.97.7','中国-重庆-重庆-联通','Mozilla/5.0 (Windows NT 6.1; WOW64) AppleWebKit/537.36 (KHTML, like Gecko) Chrome/70.0.3538.25 Safari/537.36 Core/1.70.3741.400 QQBrowser/10.5.3863.400','2020-04-24 18:12:52',1),(125,'admin','123.146.97.7','中国-重庆-重庆-联通','Mozilla/5.0 (Windows NT 6.1; WOW64) AppleWebKit/537.36 (KHTML, like Gecko) Chrome/70.0.3538.25 Safari/537.36 Core/1.70.3741.400 QQBrowser/10.5.3863.400','2020-04-25 11:08:26',2),(126,'admin','123.146.97.7','中国-重庆-重庆-联通','Mozilla/5.0 (Windows NT 6.1; WOW64) AppleWebKit/537.36 (KHTML, like Gecko) Chrome/70.0.3538.25 Safari/537.36 Core/1.70.3741.400 QQBrowser/10.5.3863.400','2020-04-25 11:08:37',1),(127,'admin','183.67.49.13','中国-重庆-重庆-电信','Mozilla/5.0 (Windows NT 10.0; Win64; x64) AppleWebKit/537.36 (KHTML, like Gecko) Chrome/79.0.3945.88 Safari/537.36','2020-04-25 11:29:24',1),(128,'admin','123.146.97.7','中国-重庆-重庆-联通','Mozilla/5.0 (Windows NT 6.1; WOW64) AppleWebKit/537.36 (KHTML, like Gecko) Chrome/70.0.3538.25 Safari/537.36 Core/1.70.3741.400 QQBrowser/10.5.3863.400','2020-04-25 14:32:42',1),(129,'admin','123.146.97.7','中国-重庆-重庆-联通','Mozilla/5.0 (Windows NT 6.1; WOW64) AppleWebKit/537.36 (KHTML, like Gecko) Chrome/70.0.3538.25 Safari/537.36 Core/1.70.3741.400 QQBrowser/10.5.3863.400','2020-04-25 18:00:21',1),(130,'admin','123.146.97.7','中国-重庆-重庆-联通','Mozilla/5.0 (Windows NT 6.1; WOW64) AppleWebKit/537.36 (KHTML, like Gecko) Chrome/70.0.3538.25 Safari/537.36 Core/1.70.3741.400 QQBrowser/10.5.3863.400','2020-04-26 09:33:33',1),(131,'admin','123.146.97.7','中国-重庆-重庆-联通','Mozilla/5.0 (Windows NT 6.1; WOW64) AppleWebKit/537.36 (KHTML, like Gecko) Chrome/70.0.3538.25 Safari/537.36 Core/1.70.3741.400 QQBrowser/10.5.3863.400','2020-04-26 12:40:47',1),(132,'admin','123.146.97.7','中国-重庆-重庆-联通','Mozilla/5.0 (Windows NT 6.1; WOW64) AppleWebKit/537.36 (KHTML, like Gecko) Chrome/70.0.3538.25 Safari/537.36 Core/1.70.3741.400 QQBrowser/10.5.3863.400','2020-04-26 12:45:32',2),(133,'admin','123.146.97.7','中国-重庆-重庆-联通','Mozilla/5.0 (Windows NT 6.1; WOW64) AppleWebKit/537.36 (KHTML, like Gecko) Chrome/70.0.3538.25 Safari/537.36 Core/1.70.3741.400 QQBrowser/10.5.3863.400','2020-04-26 12:45:41',1),(134,'admin','123.146.97.7','中国-重庆-重庆-联通','Mozilla/5.0 (Windows NT 6.1; WOW64) AppleWebKit/537.36 (KHTML, like Gecko) Chrome/70.0.3538.25 Safari/537.36 Core/1.70.3741.400 QQBrowser/10.5.3863.400','2020-04-26 16:21:43',1),(135,'admin','123.146.97.7','中国-重庆-重庆-联通','Mozilla/5.0 (Windows NT 6.1; WOW64) AppleWebKit/537.36 (KHTML, like Gecko) Chrome/70.0.3538.25 Safari/537.36 Core/1.70.3741.400 QQBrowser/10.5.3863.400','2020-04-27 09:36:55',2),(136,'admin','123.146.97.7','中国-重庆-重庆-联通','Mozilla/5.0 (Windows NT 6.1; WOW64) AppleWebKit/537.36 (KHTML, like Gecko) Chrome/70.0.3538.25 Safari/537.36 Core/1.70.3741.400 QQBrowser/10.5.3863.400','2020-04-27 09:37:08',1),(137,'admin','123.146.97.7','中国-重庆-重庆-联通','Mozilla/5.0 (Windows NT 6.1; WOW64) AppleWebKit/537.36 (KHTML, like Gecko) Chrome/70.0.3538.25 Safari/537.36 Core/1.70.3741.400 QQBrowser/10.5.3863.400','2020-04-27 12:13:00',1),(138,'admin','183.67.48.113','中国-重庆-重庆-电信','Mozilla/5.0 (Windows NT 6.1; WOW64) AppleWebKit/537.36 (KHTML, like Gecko) Chrome/76.0.3809.132 Safari/537.36','2020-04-27 15:16:21',1),(139,'admin','123.146.97.7','中国-重庆-重庆-联通','Mozilla/5.0 (Windows NT 6.1; WOW64) AppleWebKit/537.36 (KHTML, like Gecko) Chrome/70.0.3538.25 Safari/537.36 Core/1.70.3741.400 QQBrowser/10.5.3863.400','2020-04-27 16:11:48',1),(140,'admin','124.227.241.64','中国-广西-南宁-电信','Mozilla/5.0 (Windows NT 10.0; WOW64) AppleWebKit/537.36 (KHTML, like Gecko) Chrome/53.0.2785.116 Safari/537.36 QBCore/4.0.1301.400 QQBrowser/9.0.2524.400 M','2020-04-27 18:18:05',1),(141,'admin','123.146.97.7','中国-重庆-重庆-联通','Mozilla/5.0 (Windows NT 6.1; WOW64) AppleWebKit/537.36 (KHTML, like Gecko) Chrome/70.0.3538.25 Safari/537.36 Core/1.70.3741.400 QQBrowser/10.5.3863.400','2020-04-27 19:19:44',1),(142,'admin','116.9.149.129','中国-广西-南宁-电信','Mozilla/5.0 (iPhone; CPU iPhone OS 13_4_1 like Mac OS X) AppleWebKit/605.1.15 (KHTML, like Gecko) Mobile/15E148 MicroMessenger/7.0.12(0x17000c2c) NetType/W','2020-04-27 22:58:53',1),(143,'admin','123.146.97.7','中国-重庆-重庆-联通','Mozilla/5.0 (Windows NT 6.1; WOW64) AppleWebKit/537.36 (KHTML, like Gecko) Chrome/70.0.3538.25 Safari/537.36 Core/1.70.3741.400 QQBrowser/10.5.3863.400','2020-04-28 09:12:52',1),(144,'admin','183.67.49.155','中国-重庆-重庆-电信','Mozilla/5.0 (Windows NT 6.1; WOW64) AppleWebKit/537.36 (KHTML, like Gecko) Chrome/76.0.3809.132 Safari/537.36','2020-04-28 09:28:16',1),(145,'admin','124.227.241.64','中国-广西-南宁-电信','Mozilla/5.0 (Windows NT 10.0; Win64; x64) AppleWebKit/537.36 (KHTML, like Gecko) Chrome/70.0.3538.102 Safari/537.36 Edge/18.18363','2020-04-28 09:32:43',1),(146,'admin','123.146.97.7','中国-重庆-重庆-联通','Mozilla/5.0 (Windows NT 6.1; Win64; x64) AppleWebKit/537.36 (KHTML, like Gecko) Chrome/75.0.3770.142 Safari/537.36','2020-04-28 09:42:52',1),(147,'admin','123.146.97.7','中国-重庆-重庆-联通','Mozilla/5.0 (Windows NT 6.1; WOW64) AppleWebKit/537.36 (KHTML, like Gecko) Chrome/53.0.2785.116 Safari/537.36 QBCore/4.0.1301.400 QQBrowser/9.0.2524.400 Mo','2020-04-28 10:01:09',1),(148,'admin','124.227.241.64','中国-广西-南宁-电信','Mozilla/5.0 (Windows NT 10.0; Win64; x64) AppleWebKit/537.36 (KHTML, like Gecko) Chrome/70.0.3538.102 Safari/537.36 Edge/18.18363','2020-04-28 14:42:01',1),(149,'admin','183.67.49.155','中国-重庆-重庆-电信','Mozilla/5.0 (Macintosh; Intel Mac OS X 10_15_3) AppleWebKit/605.1.15 (KHTML, like Gecko) Version/13.0.5 Safari/605.1.15','2020-04-28 14:49:02',1),(150,'admin','123.146.97.7','中国-重庆-重庆-联通','Mozilla/5.0 (Windows NT 6.1; WOW64) AppleWebKit/537.36 (KHTML, like Gecko) Chrome/70.0.3538.25 Safari/537.36 Core/1.70.3741.400 QQBrowser/10.5.3863.400','2020-04-28 15:01:48',2),(151,'admin','123.146.97.7','中国-重庆-重庆-联通','Mozilla/5.0 (Windows NT 6.1; WOW64) AppleWebKit/537.36 (KHTML, like Gecko) Chrome/70.0.3538.25 Safari/537.36 Core/1.70.3741.400 QQBrowser/10.5.3863.400','2020-04-28 15:02:06',2),(152,'admin','123.146.97.7','中国-重庆-重庆-联通','Mozilla/5.0 (Windows NT 6.1; WOW64) AppleWebKit/537.36 (KHTML, like Gecko) Chrome/70.0.3538.25 Safari/537.36 Core/1.70.3741.400 QQBrowser/10.5.3863.400','2020-04-28 15:02:32',1),(153,'admin','183.67.49.155','中国-重庆-重庆-电信','Mozilla/5.0 (Windows NT 6.1; WOW64) AppleWebKit/537.36 (KHTML, like Gecko) Chrome/76.0.3809.132 Safari/537.36','2020-04-28 17:38:09',1),(154,'admin','123.146.97.7','中国-重庆-重庆-联通','Mozilla/5.0 (Windows NT 6.1; WOW64) AppleWebKit/537.36 (KHTML, like Gecko) Chrome/70.0.3538.25 Safari/537.36 Core/1.70.3741.400 QQBrowser/10.5.3863.400','2020-04-28 17:48:12',1),(155,'admin','123.146.97.7','中国-重庆-重庆-联通','Mozilla/5.0 (Windows NT 6.1; WOW64) AppleWebKit/537.36 (KHTML, like Gecko) Chrome/70.0.3538.25 Safari/537.36 Core/1.70.3741.400 QQBrowser/10.5.3863.400','2020-04-28 18:45:46',1),(156,'admin','123.146.97.7','中国-重庆-重庆-联通','Mozilla/5.0 (Windows NT 6.1; WOW64) AppleWebKit/537.36 (KHTML, like Gecko) Chrome/70.0.3538.25 Safari/537.36 Core/1.70.3741.400 QQBrowser/10.5.3863.400','2020-04-29 09:05:31',1),(157,'admin','123.146.97.7','中国-重庆-重庆-联通','Mozilla/5.0 (Windows NT 6.1; Win64; x64) AppleWebKit/537.36 (KHTML, like Gecko) Chrome/75.0.3770.142 Safari/537.36','2020-04-29 09:16:52',1),(158,'admin','124.227.241.64','中国-广西-南宁-电信','Mozilla/5.0 (Windows NT 10.0; Win64; x64) AppleWebKit/537.36 (KHTML, like Gecko) Chrome/70.0.3538.102 Safari/537.36 Edge/18.18363','2020-04-29 14:39:10',1),(159,'卢广1','124.227.241.64','中国-广西-南宁-电信','Mozilla/5.0 (Windows NT 10.0; Win64; x64) AppleWebKit/537.36 (KHTML, like Gecko) Chrome/70.0.3538.102 Safari/537.36 Edge/18.18363','2020-04-29 14:45:19',2),(160,'admin','124.227.241.64','中国-广西-南宁-电信','Mozilla/5.0 (Windows NT 10.0; Win64; x64) AppleWebKit/537.36 (KHTML, like Gecko) Chrome/70.0.3538.102 Safari/537.36 Edge/18.18363','2020-04-29 14:45:39',1),(161,'纪元平台1店','124.227.241.64','中国-广西-南宁-电信','Mozilla/5.0 (Windows NT 10.0; Win64; x64) AppleWebKit/537.36 (KHTML, like Gecko) Chrome/81.0.4044.122 Safari/537.36','2020-04-29 14:47:07',1),(162,'tyong','123.146.97.7','中国-重庆-重庆-联通','Mozilla/5.0 (Windows NT 6.1; Win64; x64) AppleWebKit/537.36 (KHTML, like Gecko) Chrome/75.0.3770.142 Safari/537.36','2020-04-29 15:21:04',1);

#
# Structure for table "system_admin_operate_log"
#

DROP TABLE IF EXISTS `system_admin_operate_log`;
CREATE TABLE `system_admin_operate_log` (
  `log_id` int(11) NOT NULL AUTO_INCREMENT COMMENT '操作日志id',
  `operator` varchar(55) NOT NULL COMMENT '操作用户',
  `operator_ip` varchar(15) NOT NULL COMMENT '操作者ip',
  `operate_method` varchar(100) NOT NULL COMMENT '操作方法',
  `operate_desc` varchar(155) NOT NULL COMMENT '操作简述',
  `operate_time` datetime NOT NULL COMMENT '操作时间',
  PRIMARY KEY (`log_id`)
) ENGINE=InnoDB AUTO_INCREMENT=442 DEFAULT CHARSET=utf8 COMMENT='后台操作日志';

#
# Data for table "system_admin_operate_log"
#

INSERT INTO `system_admin_operate_log` VALUES (1,'admin','127.0.0.1','manager/editadmin','编辑管理员小白','2019-10-11 14:19:21'),(2,'admin','127.0.0.1','role/assignauthority','分配权限6','2019-10-11 14:19:37'),(3,'admin','127.0.0.1','role/edit','编辑角色研发','2019-10-11 14:19:40'),(4,'admin','127.0.0.1','role/edit','编辑角色：部门经理','2019-10-11 14:21:33'),(5,'admin','127.0.0.1','node/edit','编辑节点：主页','2019-10-11 14:22:18'),(6,'admin','127.0.0.1','node/delete','删除节点：10','2020-03-25 18:57:05'),(7,'admin','127.0.0.1','role/add','添加角色：测试角色','2020-03-27 11:51:24'),(8,'admin','127.0.0.1','role/add','添加角色：测试角色','2020-03-27 11:54:18'),(9,'admin','127.0.0.1','role/add','添加角色：测试角色1','2020-03-27 11:54:22'),(10,'admin','127.0.0.1','node/add','添加节点：系统管理','2020-03-29 19:31:00'),(11,'admin','127.0.0.1','manager/addadmin','添加管理员：tyong','2020-03-29 19:42:55'),(12,'admin','127.0.0.1','role/assignauthority','分配权限：6','2020-03-29 21:02:07'),(13,'tyong','127.0.0.1','node/add','添加节点：系统设置','2020-03-29 21:19:31'),(14,'tyong','127.0.0.1','role/assignauthority','分配权限：6','2020-03-29 21:19:53'),(15,'admin','127.0.0.1','node/edit','编辑节点：系统配置','2020-04-02 15:01:56'),(16,'admin','127.0.0.1','node/add','添加节点：配置列表','2020-04-02 15:02:18'),(17,'admin','127.0.0.1','node/edit','编辑节点：配置列表','2020-04-02 15:03:02'),(18,'admin','127.0.0.1','node/edit','编辑节点：系统配置','2020-04-02 15:03:33'),(19,'admin','127.0.0.1','node/add','添加节点：配置列表','2020-04-02 15:37:44'),(20,'admin','127.0.0.1','node/edit','编辑节点：基础配置','2020-04-02 15:38:29'),(21,'admin','127.0.0.1','systemconfig/add','添加系统配置：werwerwerewrewr1231','2020-04-02 17:52:46'),(22,'admin','127.0.0.1','systemconfig/add','添加系统配置：234','2020-04-02 17:53:05'),(23,'admin','127.0.0.1','systemconfig/add','添加系统配置：wer','2020-04-02 19:17:04'),(24,'admin','127.0.0.1','systemconfig/add','添加系统配置：234234','2020-04-02 19:17:34'),(25,'admin','127.0.0.1','systemconfig/edit','编辑系统配置：wer','2020-04-02 19:47:13'),(26,'admin','127.0.0.1','systemconfig/edit','编辑系统配置：234234','2020-04-02 19:47:25'),(27,'admin','127.0.0.1','systemconfig/delete','删除系统配置：id=12','2020-04-02 19:49:06'),(28,'admin','127.0.0.1','systemconfig/delete','删除系统配置：id=11','2020-04-02 19:49:10'),(29,'admin','127.0.0.1','systemconfig/add','添加系统配置：sdfsdf','2020-04-03 09:11:29'),(30,'admin','127.0.0.1','systemconfig/add','添加系统配置：werewr','2020-04-03 09:11:46'),(31,'admin','127.0.0.1','systemconfig/edit','编辑系统配置：werewr','2020-04-03 09:17:48'),(32,'admin','127.0.0.1','systemconfig/add','添加系统配置：sdfsdfsdf','2020-04-03 09:18:45'),(33,'admin','127.0.0.1','systemconfig/add','添加系统配置：ewrwerw','2020-04-03 09:19:08'),(34,'admin','127.0.0.1','node/edit','编辑节点：基础配置','2020-04-03 09:20:13'),(35,'admin','127.0.0.1','systemconfig/add','添加系统配置：localUploadDirverHost','2020-04-03 09:26:26'),(36,'admin','127.0.0.1','systemconfig/edit','编辑系统配置：sdfsdfsdf','2020-04-03 09:29:23'),(37,'admin','127.0.0.1','systemconfig/edit','编辑系统配置：sdfsdfsdf','2020-04-03 09:30:39'),(38,'admin','127.0.0.1','systemconfig/edit','编辑系统配置：sdfsdfsdf','2020-04-03 09:32:22'),(39,'admin','127.0.0.1','systemconfig/edit','编辑系统配置：sdfsdfsdf','2020-04-03 09:38:24'),(40,'admin','127.0.0.1','systemconfig/edit','编辑系统配置：sdfsdfsdf','2020-04-03 09:40:14'),(41,'admin','127.0.0.1','systemconfig/edit','编辑系统配置：sdfsdfsdf','2020-04-03 09:40:59'),(42,'admin','127.0.0.1','systemconfig/edit','编辑系统配置：werewr','2020-04-03 09:42:04'),(43,'admin','127.0.0.1','node/add','添加节点：系统配置','2020-04-03 10:48:28'),(44,'admin','127.0.0.1','node/edit','编辑节点：系统设置','2020-04-03 10:49:17'),(45,'admin','127.0.0.1','node/edit','编辑节点：基础设置','2020-04-03 10:49:27'),(46,'admin','127.0.0.1','node/edit','编辑节点：系统设置','2020-04-03 10:49:35'),(47,'admin','127.0.0.1','node/add','添加节点：内容管理','2020-04-03 13:50:57'),(48,'admin','127.0.0.1','node/add','添加节点：文章管理','2020-04-03 13:51:24'),(49,'admin','127.0.0.1','node/add','添加节点：文章分类','2020-04-03 13:54:10'),(50,'admin','127.0.0.1','node/edit','编辑节点：系统管理','2020-04-03 13:57:13'),(51,'admin','127.0.0.1','node/edit','编辑节点：系统管理','2020-04-03 13:59:09'),(52,'admin','127.0.0.1','node/edit','编辑节点：内容管理','2020-04-03 14:00:47'),(53,'admin','127.0.0.1','node/add','添加节点：文章列表','2020-04-03 14:03:07'),(54,'admin','127.0.0.1','systemarticlecategory/add','添加文章分类：用户协议','2020-04-03 15:20:28'),(55,'admin','127.0.0.1','systemarticlecategory/add','添加文章分类：保密协议','2020-04-03 15:20:52'),(56,'admin','127.0.0.1','systemarticlecategory/add','添加文章分类：薪资保密','2020-04-03 15:21:03'),(57,'admin','127.0.0.1','systemarticlecategory/edit','编辑分类：新闻213','2020-04-03 15:32:53'),(58,'admin','127.0.0.1','systemarticlecategory/delete','删除分类：9','2020-04-03 15:34:38'),(59,'admin','127.0.0.1','systemarticlecategory/delete','删除分类：8','2020-04-03 15:34:42'),(60,'admin','127.0.0.1','systemarticlecategory/edit','编辑分类：新闻213','2020-04-03 15:59:27'),(61,'admin','127.0.0.1','systemarticlecategory/edit','编辑分类：新闻213','2020-04-03 16:03:38'),(62,'admin','127.0.0.1','node/edit','编辑节点：主页','2020-04-03 16:23:43'),(63,'admin','127.0.0.1','systemarticlecategory/add','添加文章分类：dsfsdf','2020-04-03 16:30:55'),(64,'admin','127.0.0.1','systemarticlecategory/edit','编辑分类：新闻213','2020-04-03 16:31:27'),(65,'admin','127.0.0.1','systemarticlecategory/delete','删除分类：7','2020-04-03 16:34:39'),(66,'admin','127.0.0.1','systemconfig/delete','删除系统配置：id=3','2020-04-03 17:17:19'),(67,'admin','127.0.0.1','systemconfig/add','添加系统配置：8','2020-04-03 22:08:58'),(68,'admin','127.0.0.1','systemarticlecategory/add','添加文章分类：13','2020-04-04 00:01:09'),(69,'admin','127.0.0.1','systemarticlecategory/edit','编辑分类：13','2020-04-04 00:02:09'),(70,'admin','127.0.0.1','systemarticlecategory/edit','编辑分类：13','2020-04-04 00:02:15'),(71,'admin','127.0.0.1','systemarticlecategory/edit','编辑分类：13','2020-04-04 00:02:46'),(72,'admin','127.0.0.1','systemarticlecategory/edit','编辑分类：13','2020-04-04 00:05:45'),(73,'admin','127.0.0.1','systemarticlecategory/edit','编辑分类：1','2020-04-04 00:07:45'),(74,'admin','127.0.0.1','systemarticlecategory/edit','编辑分类：1','2020-04-04 00:09:50'),(75,'admin','127.0.0.1','systemarticlecategory/edit','编辑分类：1','2020-04-04 00:10:00'),(76,'admin','127.0.0.1','systemarticlecategory/edit','编辑分类：1','2020-04-04 00:10:12'),(77,'admin','127.0.0.1','systemarticlecategory/delete','删除分类：13','2020-04-04 15:08:28'),(78,'admin','127.0.0.1','systemarticlecategory/delete','删除分类：12','2020-04-04 15:08:31'),(79,'admin','127.0.0.1','systemarticlecategory/delete','删除分类：6','2020-04-04 15:08:33'),(80,'admin','127.0.0.1','systemarticlecategory/delete','删除分类：5','2020-04-04 15:08:36'),(81,'admin','127.0.0.1','systemarticlecategory/delete','删除分类：4','2020-04-04 15:08:38'),(82,'admin','127.0.0.1','systemarticlecategory/delete','删除分类：3','2020-04-04 15:08:45'),(83,'admin','127.0.0.1','systemarticlecategory/delete','删除分类：2','2020-04-04 15:08:47'),(84,'admin','127.0.0.1','systemarticlecategory/delete','删除分类：1','2020-04-04 15:08:50'),(85,'admin','127.0.0.1','systemarticlecategory/add','添加文章分类：14','2020-04-04 15:08:59'),(86,'admin','127.0.0.1','systemarticlecategory/add','添加文章分类：15','2020-04-04 15:09:14'),(87,'admin','127.0.0.1','systemarticlecategory/add','添加文章分类：16','2020-04-04 15:09:23'),(88,'admin','127.0.0.1','systemarticlecategory/add','添加文章分类：17','2020-04-04 15:09:35'),(89,'admin','127.0.0.1','manager/editadmin','编辑管理员：tyong','2020-04-04 19:16:00'),(90,'admin','127.0.0.1','node/edit','编辑节点：主页','2020-04-04 19:16:20'),(91,'admin','127.0.0.1','systemconfig/edit','编辑系统配置：1','2020-04-04 20:13:56'),(92,'admin','127.0.0.1','systemconfig/edit','编辑系统配置：1','2020-04-04 20:15:02'),(93,'admin','127.0.0.1','systemconfig/edit','编辑系统配置：1','2020-04-04 20:22:25'),(94,'admin','127.0.0.1','systemconfig/edit','编辑系统配置：1','2020-04-04 20:24:00'),(95,'admin','127.0.0.1','systemconfig/edit','编辑系统配置：5','2020-04-04 20:54:45'),(96,'admin','127.0.0.1','systemconfig/edit','编辑系统配置：8','2020-04-04 21:16:24'),(97,'admin','127.0.0.1','systemconfig/edit','编辑系统配置：4','2020-04-04 21:20:45'),(98,'admin','127.0.0.1','systemarticle/add','添加系统文章：4','2020-04-04 21:35:06'),(99,'admin','127.0.0.1','systemarticle/add','添加系统文章：5','2020-04-04 21:35:44'),(100,'admin','127.0.0.1','systemarticle/edit','编辑系统文章：5','2020-04-04 21:45:46'),(101,'admin','127.0.0.1','systemarticle/edit','编辑系统文章：5','2020-04-04 21:45:56'),(102,'admin','127.0.0.1','systemarticle/edit','编辑系统文章：5','2020-04-04 21:46:11'),(103,'admin','127.0.0.1','systemarticle/edit','编辑系统文章：5','2020-04-04 21:46:24'),(104,'admin','127.0.0.1','systemarticle/edit','编辑系统文章：5','2020-04-04 21:51:37'),(105,'admin','127.0.0.1','systemarticle/delete','删除文章：5','2020-04-04 21:53:02'),(106,'admin','127.0.0.1','node/add','添加节点：Banner管理','2020-04-04 22:06:21'),(107,'admin','127.0.0.1','node/add','添加节点：添加Banner','2020-04-04 22:09:18'),(108,'admin','127.0.0.1','node/edit','编辑节点：Banner管理','2020-04-04 22:09:24'),(109,'admin','127.0.0.1','node/add','添加节点：编辑Banner','2020-04-04 22:09:53'),(110,'admin','127.0.0.1','node/add','添加节点：删除Banner','2020-04-04 22:10:06'),(111,'admin','127.0.0.1','node/edit','编辑节点：Banner管理','2020-04-04 22:37:51'),(112,'admin','127.0.0.1','node/edit','编辑节点：Banner管理','2020-04-04 22:38:05'),(113,'admin','127.0.0.1','node/edit','编辑节点：Banner管理','2020-04-04 22:39:28'),(114,'admin','127.0.0.1','node/edit','编辑节点：添加Banner','2020-04-04 22:39:39'),(115,'admin','127.0.0.1','node/edit','编辑节点：添加Banner','2020-04-04 22:43:44'),(116,'admin','127.0.0.1','node/edit','编辑节点：Banner管理','2020-04-04 22:43:56'),(117,'admin','127.0.0.1','node/edit','编辑节点：Banner管理','2020-04-04 22:53:58'),(118,'admin','127.0.0.1','node/edit','编辑节点：Banner管理','2020-04-04 22:55:33'),(119,'admin','127.0.0.1','node/edit','编辑节点：添加Banner','2020-04-04 22:56:36'),(120,'admin','127.0.0.1','node/add','添加节点：123','2020-04-04 22:57:55'),(121,'admin','127.0.0.1','node/delete','删除节点：35','2020-04-04 22:58:00'),(122,'admin','127.0.0.1','node/add','添加节点：sdf','2020-04-04 23:01:54'),(123,'admin','127.0.0.1','node/delete','删除节点：36','2020-04-04 23:01:57'),(124,'admin','127.0.0.1','node/edit','编辑节点：添加Banner','2020-04-04 23:02:52'),(125,'admin','127.0.0.1','systembanner/add','添加系统Banner：1','2020-04-04 23:30:41'),(126,'admin','127.0.0.1','systembanner/edit','编辑系统Banner：1','2020-04-04 23:34:18'),(127,'admin','127.0.0.1','systembanner/delete','删除Banner：1','2020-04-04 23:34:49'),(128,'admin','127.0.0.1','systemarticle/delete','删除文章：4','2020-04-04 23:36:09'),(129,'admin','127.0.0.1','systemarticle/delete','删除文章：3','2020-04-04 23:36:12'),(130,'admin','127.0.0.1','systemconfig/delete','删除系统配置：8','2020-04-04 23:38:37'),(131,'admin','127.0.0.1','systemconfig/delete','删除系统配置：6','2020-04-04 23:38:42'),(132,'admin','127.0.0.1','systemconfig/delete','删除系统配置：5','2020-04-04 23:38:44'),(133,'admin','127.0.0.1','systemconfig/delete','删除系统配置：4','2020-04-04 23:38:48'),(134,'admin','127.0.0.1','systembanner/add','添加系统Banner：2','2020-04-04 23:42:36'),(135,'admin','127.0.0.1','node/edit','编辑节点：主页','2020-04-05 00:20:26'),(136,'admin','127.0.0.1','systembanner/edit','编辑系统Banner：2','2020-04-05 12:35:02'),(137,'admin','127.0.0.1','systembanner/edit','编辑系统Banner：2','2020-04-05 13:39:10'),(138,'admin','127.0.0.1','systembanner/add','添加系统Banner：3','2020-04-05 13:39:27'),(139,'admin','127.0.0.1','systembanner/edit','编辑系统Banner：2','2020-04-05 13:46:18'),(140,'admin','127.0.0.1','systembanner/edit','编辑系统Banner：2','2020-04-05 13:46:37'),(141,'admin','127.0.0.1','systembanner/edit','编辑系统Banner：3','2020-04-05 13:46:50'),(142,'admin','127.0.0.1','systembanner/add','添加系统Banner：4','2020-04-05 13:47:44'),(143,'admin','127.0.0.1','systemconfig/add','添加系统配置：8','2020-04-05 13:53:42'),(144,'admin','127.0.0.1','systembanner/add','添加系统Banner：5','2020-04-05 14:00:52'),(145,'admin','127.0.0.1','systembanner/edit','编辑系统Banner：5','2020-04-05 14:02:08'),(146,'admin','127.0.0.1','node/delete','删除节点：28','2020-04-05 14:50:44'),(147,'admin','127.0.0.1','node/edit','编辑节点：分类管理','2020-04-05 14:50:58'),(148,'admin','127.0.0.1','node/edit','编辑节点：文章管理','2020-04-05 14:51:06'),(149,'admin','127.0.0.1','systemarticlecategory/delete','删除分类：15','2020-04-05 14:52:32'),(150,'admin','127.0.0.1','systemarticlecategory/delete','删除分类：17','2020-04-05 14:52:40'),(151,'admin','127.0.0.1','systemarticlecategory/delete','删除分类：16','2020-04-05 14:52:43'),(152,'admin','127.0.0.1','systemarticlecategory/delete','删除分类：14','2020-04-05 14:52:46'),(153,'admin','127.0.0.1','systemarticlecategory/add','添加文章分类：18','2020-04-05 14:53:27'),(154,'admin','127.0.0.1','systemarticlecategory/add','添加文章分类：19','2020-04-05 14:53:36'),(155,'admin','127.0.0.1','systemarticlecategory/edit','编辑分类：18','2020-04-05 14:56:33'),(156,'admin','127.0.0.1','systemarticlecategory/edit','编辑分类：19','2020-04-05 14:57:36'),(157,'admin','127.0.0.1','systemarticlecategory/add','添加文章分类：20','2020-04-05 14:58:49'),(158,'admin','127.0.0.1','systemarticlecategory/add','添加文章分类：21','2020-04-05 14:59:52'),(159,'admin','127.0.0.1','systemarticlecategory/add','添加文章分类：22','2020-04-05 16:33:41'),(160,'admin','127.0.0.1','node/edit','编辑节点：分类管理','2020-04-05 16:53:17'),(161,'admin','127.0.0.1','systembanner/edit','编辑系统Banner：2','2020-04-05 17:13:34'),(162,'admin','127.0.0.1','systemarticle/add','添加系统文章：1','2020-04-05 17:15:34'),(163,'admin','127.0.0.1','systemarticle/add','添加系统文章：2','2020-04-05 17:16:18'),(164,'admin','127.0.0.1','systemcategory/edit','编辑分类：18','2020-04-05 17:33:11'),(165,'admin','127.0.0.1','systemcategory/edit','编辑分类：18','2020-04-05 17:33:23'),(166,'admin','127.0.0.1','node/add','添加节点：添加配置','2020-04-05 17:36:20'),(167,'admin','127.0.0.1','node/add','添加节点：编辑配置','2020-04-05 17:36:38'),(168,'admin','127.0.0.1','node/add','添加节点：删除配置','2020-04-05 17:36:59'),(169,'admin','127.0.0.1','node/add','添加节点：添加分类','2020-04-05 17:37:17'),(170,'admin','127.0.0.1','node/add','添加节点：编辑分类','2020-04-05 17:37:29'),(171,'admin','127.0.0.1','node/add','添加节点：删除分类','2020-04-05 17:37:40'),(172,'admin','127.0.0.1','node/add','添加节点：添加文章','2020-04-05 17:38:14'),(173,'admin','127.0.0.1','node/add','添加节点：编辑文章','2020-04-05 17:38:27'),(174,'admin','127.0.0.1','node/add','添加节点：删除文章','2020-04-05 17:38:37'),(175,'admin','127.0.0.1','systemcategory/edit','编辑分类：20','2020-04-05 18:03:04'),(176,'admin','127.0.0.1','systemcategory/edit','编辑分类：20','2020-04-05 18:04:09'),(177,'admin','127.0.0.1','systemcategory/edit','编辑分类：22','2020-04-05 18:04:15'),(178,'admin','127.0.0.1','systemcategory/edit','编辑分类：20','2020-04-05 18:04:28'),(179,'admin','127.0.0.1','systemcategory/edit','编辑分类：20','2020-04-05 18:04:31'),(180,'admin','127.0.0.1','systemcategory/edit','编辑分类：22','2020-04-05 18:04:36'),(181,'admin','127.0.0.1','systemarticle/add','添加系统文章：3','2020-04-05 18:08:28'),(182,'admin','127.0.0.1','systembanner/add','添加系统Banner：6','2020-04-05 18:09:28'),(183,'admin','127.0.0.1','systemarticle/delete','删除文章：3','2020-04-06 15:46:23'),(184,'admin','127.0.0.1','systemarticle/delete','删除文章：2','2020-04-06 15:46:24'),(185,'admin','127.0.0.1','systemarticle/delete','删除文章：1','2020-04-06 15:46:27'),(186,'admin','127.0.0.1','systemarticle/add','添加系统文章：4','2020-04-06 15:47:54'),(187,'admin','127.0.0.1','systemarticle/edit','编辑系统文章：4','2020-04-06 15:55:51'),(188,'admin','127.0.0.1','systemarticle/add','添加系统文章：5','2020-04-06 15:57:14'),(189,'admin','127.0.0.1','systemarticle/edit','编辑系统文章：4','2020-04-06 15:57:24'),(190,'admin','127.0.0.1','systemcategory/delete','删除分类：22','2020-04-06 15:59:30'),(191,'admin','127.0.0.1','systemarticle/add','添加系统文章：6','2020-04-06 16:00:24'),(192,'admin','127.0.0.1','systemcategory/add','添加分类：23','2020-04-06 17:43:23'),(193,'admin','127.0.0.1','systemcategory/add','添加分类：24','2020-04-06 17:43:53'),(194,'admin','127.0.0.1','systemcategory/add','添加分类：25','2020-04-06 17:44:02'),(195,'admin','127.0.0.1','systemarticle/add','添加系统文章：7','2020-04-06 17:44:57'),(196,'admin','127.0.0.1','systemarticle/add','添加系统文章：11','2020-04-06 17:53:25'),(197,'admin','127.0.0.1','systemarticle/edit','编辑系统文章：7','2020-04-06 17:53:34'),(198,'admin','127.0.0.1','systemconfig/add','添加系统配置：9','2020-04-06 21:25:09'),(199,'admin','127.0.0.1','systemconfig/edit','编辑系统配置：9','2020-04-06 21:25:40'),(200,'admin','127.0.0.1','systembanner/edit','编辑系统Banner：2','2020-04-06 21:25:54'),(201,'admin','127.0.0.1','systemcategory/delete','删除分类：21','2020-04-06 21:26:54'),(202,'admin','127.0.0.1','systemcategory/delete','删除分类：19','2020-04-06 21:26:57'),(203,'admin','127.0.0.1','systemarticle/edit','编辑系统文章：4','2020-04-06 21:41:43'),(204,'admin','127.0.0.1','systemarticle/edit','编辑系统文章：4','2020-04-06 21:42:08'),(205,'admin','127.0.0.1','systemconfig/add','添加系统配置：10','2020-04-06 22:34:47'),(206,'admin','127.0.0.1','systemcategory/edit','编辑分类：18','2020-04-07 01:48:38'),(207,'admin','127.0.0.1','systemcategory/add','添加分类：26','2020-04-07 01:48:45'),(208,'admin','127.0.0.1','systemcategory/delete','删除分类：26','2020-04-07 01:48:48'),(209,'admin','127.0.0.1','systemcategory/add','添加分类：27','2020-04-07 01:58:40'),(210,'admin','127.0.0.1','systemcategory/edit','编辑分类：27','2020-04-07 01:58:44'),(211,'admin','127.0.0.1','systemcategory/delete','删除分类：27','2020-04-07 01:58:48'),(212,'admin','123.146.96.217','systemcategory/add','添加分类：26','2020-04-07 14:44:23'),(213,'admin','123.146.96.217','systemcategory/add','添加分类：27','2020-04-07 14:44:37'),(214,'admin','123.146.96.217','systemcategory/add','添加分类：28','2020-04-07 14:44:48'),(215,'admin','123.146.96.217','systemcategory/add','添加分类：29','2020-04-07 14:44:56'),(216,'admin','123.146.96.217','systemcategory/add','添加分类：30','2020-04-07 14:45:04'),(217,'admin','123.146.96.217','systemarticle/add','添加系统文章：12','2020-04-07 14:45:55'),(218,'admin','123.146.96.217','systemarticle/delete','删除文章：12','2020-04-07 15:05:41'),(219,'admin','123.146.96.217','manager/deladmin','删除管理员：3','2020-04-07 15:16:54'),(220,'admin','123.146.96.217','manager/deladmin','删除管理员：4','2020-04-07 15:16:56'),(221,'admin','123.146.96.217','role/delete','删除角色：8','2020-04-07 15:17:05'),(222,'admin','123.146.96.217','role/delete','删除角色：7','2020-04-07 15:17:07'),(223,'admin','123.146.96.217','role/delete','删除角色：6','2020-04-07 15:17:09'),(224,'admin','123.146.96.217','role/delete','删除角色：5','2020-04-07 15:17:12'),(225,'admin','123.146.96.217','role/delete','删除角色：4','2020-04-07 15:17:15'),(226,'admin','123.146.96.217','role/delete','删除角色：3','2020-04-07 15:17:18'),(227,'admin','123.146.96.217','role/add','添加角色：经纪人','2020-04-07 15:18:24'),(228,'admin','123.146.96.217','manager/addadmin','添加管理员：tyong','2020-04-07 15:19:05'),(229,'admin','123.146.96.217','systembanner/delete','删除Banner：6','2020-04-07 15:46:56'),(230,'admin','123.146.96.217','systembanner/delete','删除Banner：5','2020-04-07 15:46:58'),(231,'admin','123.146.96.217','systembanner/delete','删除Banner：4','2020-04-07 15:47:00'),(232,'admin','123.146.96.217','systembanner/delete','删除Banner：3','2020-04-07 15:47:03'),(233,'admin','123.146.96.217','systembanner/delete','删除Banner：2','2020-04-07 15:47:05'),(234,'admin','123.146.96.217','systemconfig/edit','编辑系统配置：9','2020-04-07 15:48:48'),(235,'admin','123.146.96.217','systembanner/add','添加系统Banner：7','2020-04-07 16:09:48'),(236,'admin','127.0.0.1','systembanner/edit','编辑系统Banner：7','2020-04-07 16:36:15'),(237,'admin','127.0.0.1','systembanner/delete','删除Banner：7','2020-04-07 16:50:25'),(238,'admin','127.0.0.1','systembanner/add','添加系统Banner：8','2020-04-07 16:51:56'),(239,'admin','127.0.0.1','systembanner/edit','编辑系统Banner：8','2020-04-07 17:10:26'),(240,'admin','127.0.0.1','node/add','添加节点：二手房配置','2020-04-07 18:35:30'),(241,'admin','127.0.0.1','systemconfig/edit','编辑系统配置：2','2020-04-07 18:36:51'),(242,'admin','127.0.0.1','node/edit','编辑节点：房源配置','2020-04-07 18:37:08'),(243,'admin','127.0.0.1','systemconfig/add','添加系统配置：11','2020-04-07 18:40:08'),(244,'admin','127.0.0.1','systemconfig/edit','编辑系统配置：2','2020-04-07 18:43:29'),(245,'admin','127.0.0.1','systemconfig/add','添加系统配置：12','2020-04-07 18:55:54'),(246,'admin','127.0.0.1','systemconfig/add','添加系统配置：13','2020-04-07 18:59:06'),(247,'admin','127.0.0.1','systemconfig/add','添加系统配置：14','2020-04-07 19:01:16'),(248,'admin','127.0.0.1','systemconfig/add','添加系统配置：15','2020-04-07 19:03:43'),(249,'admin','127.0.0.1','systemconfig/add','添加系统配置：16','2020-04-07 19:04:22'),(250,'admin','127.0.0.1','systemconfig/add','添加系统配置：17','2020-04-07 19:06:57'),(251,'admin','127.0.0.1','systemconfig/add','添加系统配置：18','2020-04-07 19:08:19'),(252,'admin','127.0.0.1','systemconfig/add','添加系统配置：19','2020-04-07 19:08:59'),(253,'admin','127.0.0.1','systemconfig/add','添加系统配置：20','2020-04-07 19:10:00'),(254,'admin','127.0.0.1','systemconfig/add','添加系统配置：21','2020-04-07 19:10:37'),(255,'admin','127.0.0.1','systemconfig/add','添加系统配置：22','2020-04-07 19:11:16'),(256,'admin','127.0.0.1','systemconfig/add','添加系统配置：23','2020-04-07 19:19:46'),(257,'admin','127.0.0.1','systemconfig/edit','编辑系统配置：23','2020-04-07 19:25:01'),(258,'admin','183.226.60.169','systemconfig/delete','删除系统配置：11','2020-04-07 21:05:32'),(259,'admin','127.0.0.1','systemcategory/add','添加分类：31','2020-04-09 15:05:24'),(260,'admin','127.0.0.1','systemconfig/add','添加系统配置：24','2020-04-09 15:18:29'),(261,'admin','123.146.96.217','systemconfig/edit','编辑系统配置：14','2020-04-09 17:23:32'),(262,'admin','183.226.60.173','systemconfig/add','添加系统配置：25','2020-04-09 23:49:15'),(263,'admin','183.67.52.82','systemconfig/add','添加系统配置：26','2020-04-10 09:51:14'),(264,'admin','183.67.52.82','systemconfig/edit','编辑系统配置：26','2020-04-10 09:52:05'),(265,'admin','183.67.52.82','systemconfig/delete','删除系统配置：12','2020-04-10 14:10:02'),(266,'admin','183.67.52.82','systemconfig/delete','删除系统配置：13','2020-04-10 14:10:08'),(267,'admin','183.67.52.82','systemconfig/delete','删除系统配置：15','2020-04-10 14:10:11'),(268,'admin','183.67.52.82','systemconfig/delete','删除系统配置：16','2020-04-10 14:10:16'),(269,'admin','183.67.52.82','systemconfig/delete','删除系统配置：18','2020-04-10 14:10:28'),(270,'admin','183.67.52.82','systemconfig/delete','删除系统配置：19','2020-04-10 14:10:33'),(271,'admin','183.67.52.82','systemconfig/delete','删除系统配置：20','2020-04-10 14:10:38'),(272,'admin','183.67.52.82','systemconfig/delete','删除系统配置：21','2020-04-10 14:10:42'),(273,'admin','183.67.52.82','systemconfig/delete','删除系统配置：17','2020-04-10 14:10:46'),(274,'admin','183.67.52.82','systemconfig/delete','删除系统配置：23','2020-04-10 14:10:56'),(275,'admin','183.67.52.82','systemconfig/edit','编辑系统配置：14','2020-04-10 14:11:14'),(276,'admin','183.67.52.82','systemconfig/add','添加系统配置：27','2020-04-10 14:15:46'),(277,'admin','183.67.52.82','systemconfig/add','添加系统配置：28','2020-04-10 14:17:25'),(278,'admin','183.67.52.82','systemconfig/edit','编辑系统配置：28','2020-04-10 14:20:01'),(279,'admin','183.67.52.82','systemconfig/edit','编辑系统配置：28','2020-04-10 14:20:37'),(280,'admin','183.67.52.82','systemarticle/add','添加系统文章：13','2020-04-10 14:32:32'),(281,'admin','183.67.52.82','systemarticle/edit','编辑系统文章：13','2020-04-10 14:34:07'),(282,'admin','183.67.52.82','systemconfig/edit','编辑系统配置：2','2020-04-10 15:19:51'),(283,'admin','183.67.52.82','systemconfig/edit','编辑系统配置：27','2020-04-10 15:20:07'),(284,'admin','183.67.52.82','systemconfig/edit','编辑系统配置：28','2020-04-10 15:20:15'),(285,'admin','183.67.52.82','node/add','添加节点：用户配置','2020-04-10 15:20:59'),(286,'admin','183.67.52.82','systemconfig/add','添加系统配置：29','2020-04-10 15:24:08'),(287,'admin','183.67.52.82','systemconfig/edit','编辑系统配置：27','2020-04-10 16:26:22'),(288,'admin','183.67.52.82','systemconfig/edit','编辑系统配置：27','2020-04-10 16:31:42'),(289,'admin','183.67.52.82','systemconfig/edit','编辑系统配置：27','2020-04-10 18:49:07'),(290,'admin','183.67.52.82','systemconfig/edit','编辑系统配置：27','2020-04-10 18:49:28'),(291,'admin','183.67.52.82','systemarticle/add','添加系统文章：14','2020-04-11 11:27:24'),(292,'admin','183.67.52.82','systemarticle/edit','编辑系统文章：14','2020-04-11 11:29:53'),(293,'admin','183.67.52.82','systemarticle/add','添加系统文章：15','2020-04-11 11:32:29'),(294,'admin','183.226.61.240','systemconfig/add','添加系统配置：30','2020-04-11 23:20:35'),(295,'admin','183.226.60.182','systemarticle/edit','编辑系统文章：14','2020-04-12 15:05:30'),(296,'admin','183.226.60.182','systemarticle/edit','编辑系统文章：14','2020-04-12 15:10:04'),(297,'admin','183.226.60.182','systemarticle/edit','编辑系统文章：14','2020-04-12 15:11:09'),(298,'admin','183.226.60.182','systemarticle/edit','编辑系统文章：14','2020-04-12 15:11:16'),(299,'admin','183.226.60.182','systemarticle/edit','编辑系统文章：14','2020-04-12 15:11:20'),(300,'admin','123.146.101.178','node/add','添加节点：经纪人管理','2020-04-13 15:55:13'),(301,'admin','123.146.101.178','node/add','添加节点：添加经纪人','2020-04-13 15:58:14'),(302,'admin','123.146.101.178','node/add','添加节点：删除经纪人','2020-04-13 15:59:19'),(303,'admin','123.146.101.178','node/add','添加节点：编辑经纪人','2020-04-13 15:59:37'),(304,'admin','123.146.101.178','shhouseagent/add','添加经纪人：2','2020-04-13 17:06:30'),(305,'admin','123.146.101.178','shhouseagent/edit','编辑经纪人：2','2020-04-13 17:16:47'),(306,'admin','183.226.60.237','systemcategory/add','添加分类：32','2020-04-13 23:56:27'),(307,'admin','183.226.60.237','systemcategory/add','添加分类：33','2020-04-13 23:58:25'),(308,'admin','183.226.60.237','systemcategory/add','添加分类：34','2020-04-13 23:58:40'),(309,'admin','183.226.60.237','systemcategory/delete','删除分类：34','2020-04-14 00:14:29'),(310,'admin','183.226.60.237','systemcategory/delete','删除分类：33','2020-04-14 00:14:37'),(311,'admin','183.226.60.237','systemcategory/delete','删除分类：32','2020-04-14 00:14:48'),(312,'admin','183.226.60.237','systemcategory/delete','删除分类：30','2020-04-14 00:25:18'),(313,'admin','183.226.60.237','systemcategory/delete','删除分类：29','2020-04-14 00:25:21'),(314,'admin','183.226.60.237','systemcategory/delete','删除分类：28','2020-04-14 00:25:24'),(315,'admin','183.226.60.237','systemarticle/delete','删除文章：15','2020-04-14 00:25:58'),(316,'admin','183.226.60.237','systemarticle/delete','删除文章：14','2020-04-14 00:26:01'),(317,'admin','183.226.60.237','systemcategory/delete','删除分类：27','2020-04-14 00:26:08'),(318,'admin','183.226.60.237','systemcategory/delete','删除分类：26','2020-04-14 00:26:10'),(319,'admin','183.226.60.237','systemcategory/delete','删除分类：31','2020-04-14 00:26:24'),(320,'admin','183.226.60.237','systemcategory/add','添加分类：35','2020-04-14 00:27:32'),(321,'admin','183.226.60.237','systemcategory/add','添加分类：36','2020-04-14 00:28:37'),(322,'admin','183.226.60.237','systemcategory/delete','删除分类：36','2020-04-14 00:28:45'),(323,'admin','183.226.60.237','systemcategory/delete','删除分类：35','2020-04-14 00:28:48'),(324,'admin','123.146.101.178','systemarticle/edit','编辑系统文章：7','2020-04-14 11:38:31'),(325,'admin','123.146.101.178','systemarticle/edit','编辑系统文章：7','2020-04-14 12:06:16'),(326,'admin','123.146.101.178','systemarticle/edit','编辑系统文章：7','2020-04-14 12:07:37'),(327,'admin','123.146.101.178','systemarticle/edit','编辑系统文章：7','2020-04-14 12:09:34'),(328,'admin','123.146.101.178','systemarticle/edit','编辑系统文章：7','2020-04-14 12:10:32'),(329,'admin','123.146.101.178','systemcategory/add','添加分类：37','2020-04-14 14:11:20'),(330,'admin','123.146.101.178','systemcategory/add','添加分类：38','2020-04-14 14:11:44'),(331,'admin','123.146.101.178','systemcategory/delete','删除分类：38','2020-04-14 14:12:14'),(332,'admin','123.146.101.178','systemcategory/delete','删除分类：37','2020-04-14 14:12:19'),(333,'admin','123.146.101.178','node/add','添加节点：小区管理','2020-04-14 16:54:19'),(334,'admin','123.146.101.178','node/edit','编辑节点：二手房管理','2020-04-14 16:55:51'),(335,'admin','123.146.101.178','node/add','添加节点：小区配置','2020-04-14 16:56:29'),(336,'admin','123.146.101.178','node/add','添加节点：添加配置','2020-04-14 16:56:52'),(337,'admin','123.146.101.178','node/add','添加节点：删除配置','2020-04-14 16:57:10'),(338,'admin','123.146.101.178','node/add','添加节点：编辑配置','2020-04-14 16:57:35'),(339,'admin','123.146.101.178','node/add','添加节点：123','2020-04-14 17:28:12'),(340,'admin','123.146.101.178','node/delete','删除节点：55','2020-04-14 17:28:24'),(341,'admin','123.146.101.178','shhousevillage/add','添加配置：7','2020-04-14 17:33:50'),(342,'admin','123.146.101.178','shhousevillage/delete','删除配置：7','2020-04-14 17:33:56'),(343,'admin','123.146.101.178','shhousevillage/add','添加配置：8','2020-04-14 17:38:29'),(344,'admin','123.146.101.178','shhousevillage/add','添加配置：9','2020-04-14 17:38:46'),(345,'admin','123.146.101.178','node/edit','编辑节点：区域/街道/小区管理','2020-04-14 17:44:51'),(346,'admin','123.146.101.178','shhousevillage/edit','编辑配置：1','2020-04-14 17:49:09'),(347,'admin','123.146.101.178','shhousevillage/edit','编辑配置：1','2020-04-14 17:49:13'),(348,'admin','123.146.101.178','node/edit','编辑节点：区域/街道/小区配置','2020-04-14 17:49:33'),(349,'admin','123.146.101.178','node/add','添加节点：小区物业信息','2020-04-14 17:55:24'),(350,'admin','123.146.101.178','node/add','添加节点：添加物业信息','2020-04-14 17:56:27'),(351,'admin','123.146.101.178','node/add','添加节点：删除物业信息','2020-04-14 17:56:44'),(352,'admin','123.146.101.178','node/add','添加节点：编辑物业信息','2020-04-14 17:56:59'),(353,'admin','123.146.101.178','shhousevillageinfo/add','添加物业信息：3','2020-04-14 18:43:10'),(354,'admin','123.146.101.178','shhousevillageinfo/edit','编辑物业信息：3','2020-04-14 18:50:54'),(355,'admin','123.146.101.178','shhousevillageinfo/delete','删除物业信息：3','2020-04-14 18:52:00'),(356,'admin','123.146.101.178','systemconfig/edit','编辑系统配置：28','2020-04-15 10:29:46'),(357,'admin','123.146.101.178','shhousevillageinfo/add','添加物业信息：4','2020-04-15 11:18:56'),(358,'admin','123.146.101.178','shhouseagent/edit','编辑经纪人：1','2020-04-15 11:35:48'),(359,'admin','123.146.101.178','systemconfig/edit','编辑系统配置：27','2020-04-15 11:40:04'),(360,'admin','123.146.101.178','node/add','添加节点：用户管理','2020-04-15 14:12:25'),(361,'admin','123.146.101.178','node/add','添加节点：用户列表','2020-04-15 14:39:27'),(362,'admin','123.146.101.178','node/add','添加节点：房源列表','2020-04-15 16:41:54'),(363,'admin','123.146.101.178','node/add','添加节点：编辑房源','2020-04-15 16:42:58'),(364,'admin','123.146.101.178','node/add','添加节点：删除房源','2020-04-15 16:43:25'),(365,'admin','123.146.101.178','node/edit','编辑节点：用户管理','2020-04-15 16:49:28'),(366,'admin','123.146.101.178','node/edit','编辑节点：二手房管理','2020-04-15 16:49:34'),(367,'admin','123.146.101.178','shhouse/delete','删除房源信息：11','2020-04-15 17:14:50'),(368,'admin','123.146.101.178','shhouseagent/delete','删除经纪人：2','2020-04-15 19:27:25'),(369,'admin','123.146.101.178','shhouse/edit','编辑房源信息：10','2020-04-15 19:29:20'),(370,'admin','183.226.60.164','systemconfig/edit','编辑系统配置：1','2020-04-15 22:42:45'),(371,'admin','183.226.60.164','systemconfig/edit','编辑系统配置：7','2020-04-15 22:42:49'),(372,'admin','183.226.60.164','systemconfig/edit','编辑系统配置：1','2020-04-15 22:43:04'),(373,'admin','183.226.60.164','systemconfig/edit','编辑系统配置：1','2020-04-15 22:43:21'),(374,'admin','123.146.101.178','systembanner/edit','编辑系统Banner：8','2020-04-16 10:10:00'),(375,'admin','123.146.101.178','node/edit','编辑节点：配置管理','2020-04-16 10:15:04'),(376,'admin','123.146.101.178','node/edit','编辑节点：配置管理','2020-04-16 10:15:10'),(377,'admin','123.146.101.178','node/edit','编辑节点：基础配置','2020-04-16 10:15:35'),(378,'admin','123.146.101.178','node/edit','编辑节点：系统配置','2020-04-16 10:15:51'),(379,'admin','123.146.101.178','role/assignauthority','分配权限：9','2020-04-16 11:34:07'),(380,'admin','123.146.101.178','role/assignauthority','分配权限：9','2020-04-16 11:34:22'),(381,'admin','123.146.101.178','role/assignauthority','分配权限：9','2020-04-16 11:36:05'),(382,'admin','123.146.101.178','role/assignauthority','分配权限：9','2020-04-16 12:01:59'),(383,'admin','123.146.101.178','role/assignauthority','分配权限：9','2020-04-16 12:02:31'),(384,'admin','123.146.101.178','role/assignauthority','分配权限：9','2020-04-16 12:03:54'),(385,'admin','123.146.101.178','shhouse/edit','编辑房源信息：10','2020-04-16 15:37:01'),(386,'admin','123.146.101.178','shhouse/edit','编辑房源信息：11','2020-04-16 15:42:26'),(387,'tyong','123.146.101.178','shhouse/edit','编辑房源信息：11','2020-04-16 15:43:54'),(388,'tyong','123.146.101.178','shhouse/edit','编辑房源信息：10','2020-04-16 15:44:07'),(389,'tyong','123.146.101.178','shhouse/edit','编辑房源信息：11','2020-04-16 16:22:21'),(390,'tyong','123.146.101.178','shhouse/edit','编辑房源信息：11','2020-04-16 16:23:02'),(391,'tyong','123.146.101.178','shhouse/edit','编辑房源信息：11','2020-04-16 16:23:10'),(392,'tyong','123.146.101.178','shhouse/edit','编辑房源信息：11','2020-04-16 16:23:20'),(393,'tyong','123.146.101.178','shhouse/edit','编辑房源信息：11','2020-04-16 16:24:04'),(394,'tyong','123.146.101.178','shhouse/edit','编辑房源信息：11','2020-04-16 16:25:41'),(395,'tyong','123.146.101.178','shhouse/edit','编辑房源信息：11','2020-04-16 16:25:52'),(396,'admin','123.146.101.178','node/add','添加节点：预约订单','2020-04-16 17:14:49'),(397,'admin','183.67.51.122','shhouseescortorder/edit','处理预约订单：71','2020-04-16 18:05:44'),(398,'admin','183.67.51.122','shhouseescortorder/edit','处理预约订单：71','2020-04-16 18:08:12'),(399,'admin','183.67.51.122','shhouseescortorder/edit','处理预约订单：71','2020-04-16 18:08:59'),(400,'admin','183.67.51.122','shhouseescortorder/edit','处理预约订单：71','2020-04-16 18:09:57'),(401,'admin','183.67.51.122','shhouseescortorder/edit','处理预约订单：69','2020-04-16 18:10:13'),(402,'admin','183.67.51.122','shhouseescortorder/edit','处理预约订单：3','2020-04-16 18:10:24'),(403,'admin','183.67.51.122','role/assignauthority','分配权限：9','2020-04-16 18:18:30'),(404,'admin','183.226.60.46','shhouseescortorder/edit','处理预约订单：69','2020-04-19 14:38:16'),(405,'admin','183.226.60.46','shhouseescortorder/edit','处理预约订单：69','2020-04-19 14:44:06'),(406,'admin','183.226.60.46','shhouseescortorder/edit','处理预约订单：69','2020-04-19 14:47:24'),(407,'admin','123.146.97.7','node/add','添加节点：需求/建议','2020-04-20 16:02:32'),(408,'admin','123.146.97.7','systemguestbook/delete','删除系统留言：8','2020-04-20 16:35:48'),(409,'admin','123.146.97.7','systemguestbook/delete','删除系统留言：7','2020-04-20 16:35:53'),(410,'admin','123.146.97.7','systembanner/edit','编辑系统Banner：6','2020-04-20 16:39:45'),(411,'admin','123.146.97.7','systemguestbook/edit','处理系统留言建议：6','2020-04-20 16:41:07'),(412,'admin','123.146.97.7','systemguestbook/edit','处理系统留言建议：1','2020-04-20 16:43:22'),(413,'admin','123.146.97.7','shhousevillageinfo/edit','编辑物业信息：1','2020-04-20 19:09:34'),(414,'admin','123.146.97.7','shhousevillageinfo/add','添加物业信息：9','2020-04-20 19:13:52'),(415,'admin','123.146.97.7','shhousevillageinfo/edit','编辑物业信息：1','2020-04-20 19:14:02'),(416,'admin','123.146.97.7','shhousevillageinfo/edit','编辑物业信息：4','2020-04-20 19:14:07'),(417,'admin','123.146.97.7','shhouseescortorder/edit','处理预约订单：96','2020-04-21 16:53:56'),(418,'admin','123.146.97.7','systemconfig/add','添加系统配置：31','2020-04-21 18:16:39'),(419,'admin','123.146.97.7','systemconfig/add','添加系统配置：32','2020-04-21 18:17:32'),(420,'admin','123.146.97.7','systemconfig/add','添加系统配置：33','2020-04-21 18:18:10'),(421,'admin','123.146.97.7','systemconfig/delete','删除系统配置：28','2020-04-21 18:38:49'),(422,'admin','123.146.97.7','shhousevillage/add','添加配置：10','2020-04-22 11:18:20'),(423,'admin','123.146.97.7','shhousevillage/add','添加配置：11','2020-04-22 11:19:18'),(424,'admin','123.146.97.7','shhousevillage/add','添加配置：12','2020-04-22 11:19:26'),(425,'admin','123.146.97.7','shhousevillage/add','添加配置：13','2020-04-22 11:19:35'),(426,'admin','123.146.97.7','shhousevillage/add','添加配置：14','2020-04-22 11:19:42'),(427,'admin','123.146.97.7','shhousevillage/add','添加配置：15','2020-04-22 11:20:09'),(428,'admin','123.146.97.7','shhousevillage/add','添加配置：16','2020-04-22 11:20:14'),(429,'admin','123.146.97.7','shhousevillage/add','添加配置：17','2020-04-22 11:20:22'),(430,'admin','123.146.97.7','shhousevillage/add','添加配置：18','2020-04-22 11:20:26'),(431,'admin','123.146.97.7','shhousevillage/add','添加配置：19','2020-04-22 11:20:56'),(432,'admin','123.146.97.7','shhousevillage/delete','删除配置：19','2020-04-22 11:21:05'),(433,'admin','123.146.97.7','shhousevillage/add','添加配置：20','2020-04-22 11:21:35'),(434,'admin','123.146.97.7','shhouse/edit','编辑房源信息：12','2020-04-22 11:25:33'),(435,'admin','123.146.97.7','shhouse/edit','编辑房源信息：13','2020-04-22 11:25:50'),(436,'admin','123.146.97.7','shhouse/edit','编辑房源信息：14','2020-04-22 11:26:27'),(437,'admin','123.146.97.7','shhouse/edit','编辑房源信息：15','2020-04-22 11:26:34'),(438,'admin','123.146.97.7','shhouse/edit','编辑房源信息：15','2020-04-22 11:26:48'),(439,'admin','123.146.97.7','shhouse/edit','编辑房源信息：16','2020-04-22 11:26:55'),(440,'admin','123.146.97.7','shhouse/edit','编辑房源信息：17','2020-04-22 11:27:03'),(441,'admin','123.146.97.7','node/edit','编辑节点：区域/街道配置','2020-04-23 10:24:13'),(442,'admin','123.146.97.7','shhousevillage/add','添加配置：1','2020-04-23 10:42:19'),(443,'admin','123.146.97.7','shhousevillage/add','添加配置：2','2020-04-23 10:42:37'),(444,'admin','123.146.97.7','shhousevillage/add','添加配置：3','2020-04-23 10:42:43'),(445,'admin','123.146.97.7','shhousevillage/add','添加配置：4','2020-04-23 10:42:51'),(446,'admin','123.146.97.7','shhousevillage/edit','编辑配置：3','2020-04-23 10:42:58'),(447,'admin','123.146.97.7','shhousevillage/add','添加配置：5','2020-04-23 10:43:06'),(448,'admin','123.146.97.7','shhousevillage/add','添加配置：6','2020-04-23 10:43:30'),(449,'admin','123.146.97.7','shhousevillage/add','添加配置：7','2020-04-23 10:43:56'),(450,'admin','123.146.97.7','shhousevillage/add','添加配置：8','2020-04-23 10:44:03'),(451,'admin','123.146.97.7','shhousevillage/add','添加配置：9','2020-04-23 10:44:09'),(452,'admin','123.146.97.7','shhousevillage/add','添加配置：10','2020-04-23 10:44:20'),(453,'admin','123.146.97.7','shhousevillageinfo/add','添加物业信息：1','2020-04-23 10:48:29'),(454,'admin','123.146.97.7','shhousevillageinfo/add','添加物业信息：2','2020-04-23 10:51:59'),(455,'admin','123.146.97.7','shhousevillageinfo/add','添加物业信息：3','2020-04-23 10:53:38'),(456,'admin','123.146.97.7','shhousevillageinfo/add','添加物业信息：4','2020-04-23 10:54:55'),(457,'admin','123.146.97.7','shhouse/edit','编辑房源信息：1','2020-04-23 11:03:43'),(458,'admin','123.146.97.7','systemarticle/edit','编辑系统文章：4','2020-04-23 11:20:06'),(459,'admin','123.146.97.7','systemarticle/edit','编辑系统文章：5','2020-04-23 11:20:18'),(460,'admin','123.146.97.7','systemarticle/edit','编辑系统文章：6','2020-04-23 11:20:30'),(461,'admin','123.146.97.7','systemarticle/edit','编辑系统文章：13','2020-04-23 11:22:38'),(462,'admin','123.146.97.7','systemarticle/edit','编辑系统文章：13','2020-04-23 11:23:31'),(463,'admin','123.146.97.7','systemarticle/add','添加系统文章：16','2020-04-23 11:26:10'),(464,'admin','123.146.97.7','systemarticle/add','添加系统文章：17','2020-04-23 11:28:20'),(465,'admin','123.146.97.7','systembanner/edit','编辑系统Banner：8','2020-04-23 12:01:58'),(466,'admin','123.146.97.7','systembanner/edit','编辑系统Banner：8','2020-04-23 12:04:57'),(467,'admin','123.146.97.7','shhouse/edit','编辑房源信息：1','2020-04-23 12:23:20'),(468,'admin','123.146.97.7','shhouse/edit','编辑房源信息：2','2020-04-23 12:23:28'),(469,'admin','123.146.97.7','shhouse/edit','编辑房源信息：3','2020-04-23 12:24:06'),(470,'admin','123.146.97.7','shhouse/edit','编辑房源信息：4','2020-04-23 14:04:51'),(471,'admin','123.146.97.7','shhouse/edit','编辑房源信息：1','2020-04-23 15:04:37'),(472,'admin','123.146.97.7','shhouse/edit','编辑房源信息：4','2020-04-23 15:22:18'),(473,'admin','123.146.97.7','shhouse/edit','编辑房源信息：5','2020-04-23 15:22:59'),(474,'admin','123.146.97.7','shhouse/edit','编辑房源信息：6','2020-04-23 15:23:20'),(475,'admin','123.146.97.7','shhouse/edit','编辑房源信息：7','2020-04-23 15:25:01'),(476,'admin','123.146.97.7','shhouse/edit','编辑房源信息：1','2020-04-23 15:27:38'),(477,'admin','123.146.97.7','shhouse/edit','编辑房源信息：1','2020-04-23 15:27:45'),(478,'admin','123.146.97.7','shhouse/edit','编辑房源信息：1','2020-04-23 15:27:54'),(479,'admin','123.146.97.7','shhouse/edit','编辑房源信息：8','2020-04-23 15:28:17'),(480,'admin','183.67.55.71','systemarticle/edit','编辑系统文章：11','2020-04-23 17:10:03'),(481,'admin','183.67.55.71','systemarticle/add','添加系统文章：18','2020-04-23 17:11:18'),(482,'admin','183.67.55.71','systemarticle/edit','编辑系统文章：7','2020-04-23 17:16:23'),(483,'admin','183.67.55.71','shhouseagent/add','添加经纪人：3','2020-04-23 17:22:47'),(484,'admin','183.67.55.71','systemguestbook/edit','处理系统留言建议：1','2020-04-23 17:29:03'),(485,'admin','183.67.55.71','systemguestbook/edit','处理系统留言建议：1','2020-04-23 17:29:12'),(486,'admin','183.67.55.71','systemguestbook/edit','处理系统留言建议：1','2020-04-23 17:29:29'),(487,'admin','123.146.97.7','shhouse/edit','编辑房源信息：8','2020-04-24 09:34:50'),(488,'admin','123.146.97.7','shhouse/edit','编辑房源信息：1','2020-04-24 09:37:27'),(489,'admin','123.146.97.7','shhouse/edit','编辑房源信息：1','2020-04-24 09:37:40'),(490,'admin','123.146.97.7','shhouse/edit','编辑房源信息：1','2020-04-24 09:37:52'),(491,'admin','123.146.97.7','shhouse/edit','编辑房源信息：1','2020-04-24 09:38:17'),(492,'admin','123.146.97.7','shhouse/edit','编辑房源信息：3','2020-04-24 09:38:40'),(493,'admin','123.146.97.7','shhouse/edit','编辑房源信息：4','2020-04-24 09:38:54'),(494,'admin','123.146.97.7','shhouse/edit','编辑房源信息：1','2020-04-24 09:40:39'),(495,'admin','123.146.97.7','shhouse/edit','编辑房源信息：3','2020-04-24 09:40:45'),(496,'admin','123.146.97.7','shhouse/edit','编辑房源信息：4','2020-04-24 09:40:57'),(497,'admin','123.146.97.7','shhouse/edit','编辑房源信息：1','2020-04-24 09:41:10'),(498,'admin','123.146.97.7','shhouse/edit','编辑房源信息：3','2020-04-24 09:41:14'),(499,'admin','123.146.97.7','shhouse/edit','编辑房源信息：4','2020-04-24 09:41:19'),(500,'admin','123.146.97.7','shhouse/edit','编辑房源信息：1','2020-04-24 09:41:28'),(501,'admin','123.146.97.7','shhouse/edit','编辑房源信息：3','2020-04-24 09:41:33'),(502,'admin','123.146.97.7','shhouse/edit','编辑房源信息：4','2020-04-24 09:41:37'),(503,'admin','123.146.97.7','shhouse/edit','编辑房源信息：1','2020-04-24 10:26:04'),(504,'admin','123.146.97.7','shhouse/edit','编辑房源信息：1','2020-04-24 10:46:36'),(505,'admin','123.146.97.7','shhouse/edit','编辑房源信息：1','2020-04-24 10:47:13'),(506,'admin','123.146.97.7','shhouse/edit','编辑房源信息：3','2020-04-24 10:47:19'),(507,'admin','123.146.97.7','shhouse/edit','编辑房源信息：1','2020-04-24 10:47:27'),(508,'admin','123.146.97.7','shhouse/edit','编辑房源信息：3','2020-04-24 10:47:32'),(509,'admin','183.67.49.13','shhousevillage/add','添加配置：11','2020-04-24 11:51:50'),(510,'admin','183.67.49.13','shhousevillageinfo/add','添加物业信息：5','2020-04-24 11:54:27'),(511,'admin','183.67.49.13','shhousevillageinfo/edit','编辑物业信息：5','2020-04-24 12:01:00'),(512,'admin','183.67.49.13','shhousevillageinfo/edit','编辑物业信息：5','2020-04-24 12:03:01'),(513,'admin','183.67.49.13','shhousevillageinfo/edit','编辑物业信息：5','2020-04-24 12:05:07'),(514,'admin','123.146.97.7','systemconfig/edit','编辑系统配置：22','2020-04-24 18:21:17'),(515,'admin','123.146.97.7','systemconfig/edit','编辑系统配置：22','2020-04-24 18:25:56'),(516,'admin','123.146.97.7','systemarticle/add','添加系统文章：19','2020-04-25 18:03:38'),(517,'admin','123.146.97.7','systemarticle/add','添加系统文章：20','2020-04-25 18:03:43'),(518,'admin','123.146.97.7','systemarticle/add','添加系统文章：21','2020-04-25 18:03:50'),(519,'admin','123.146.97.7','systemarticle/add','添加系统文章：22','2020-04-25 18:03:55'),(520,'admin','123.146.97.7','systemarticle/add','添加系统文章：23','2020-04-25 18:04:02'),(521,'admin','123.146.97.7','systemarticle/edit','编辑系统文章：23','2020-04-25 18:04:09'),(522,'admin','123.146.97.7','systemarticle/edit','编辑系统文章：20','2020-04-25 18:04:21'),(523,'admin','123.146.97.7','systemarticle/edit','编辑系统文章：20','2020-04-25 18:04:29'),(524,'admin','123.146.97.7','systemarticle/edit','编辑系统文章：20','2020-04-25 19:16:45'),(525,'admin','123.146.97.7','systemarticle/edit','编辑系统文章：20','2020-04-25 19:16:45'),(526,'admin','123.146.97.7','systemarticle/edit','编辑系统文章：20','2020-04-25 19:18:33'),(527,'admin','123.146.97.7','systemarticle/edit','编辑系统文章：20','2020-04-25 19:18:33'),(528,'admin','123.146.97.7','systemarticle/edit','编辑系统文章：4','2020-04-25 19:18:49'),(529,'admin','123.146.97.7','systemarticle/edit','编辑系统文章：4','2020-04-25 19:18:55'),(530,'admin','123.146.97.7','systemarticle/edit','编辑系统文章：20','2020-04-26 09:33:47'),(531,'admin','123.146.97.7','systemarticle/edit','编辑系统文章：20','2020-04-26 09:33:57'),(532,'admin','123.146.97.7','systemarticle/edit','编辑系统文章：20','2020-04-26 09:34:22'),(533,'admin','123.146.97.7','systemarticle/edit','编辑系统文章：4','2020-04-26 09:35:05'),(534,'admin','123.146.97.7','systemarticle/edit','编辑系统文章：4','2020-04-26 09:38:56'),(535,'admin','123.146.97.7','systemarticle/edit','编辑系统文章：4','2020-04-26 09:39:20'),(536,'admin','123.146.97.7','systemarticle/edit','编辑系统文章：4','2020-04-26 09:39:27'),(537,'admin','123.146.97.7','systemarticle/edit','编辑系统文章：4','2020-04-26 09:45:02'),(538,'admin','123.146.97.7','systemarticle/edit','编辑系统文章：4','2020-04-26 09:45:11'),(539,'admin','123.146.97.7','systemarticle/edit','编辑系统文章：20','2020-04-26 09:45:22'),(540,'admin','123.146.97.7','systemarticle/edit','编辑系统文章：4','2020-04-26 09:45:54'),(541,'admin','123.146.97.7','systemarticle/edit','编辑系统文章：4','2020-04-26 09:45:58'),(542,'admin','123.146.97.7','shhouse/edit','编辑房源信息：3','2020-04-26 09:50:15'),(543,'admin','123.146.97.7','shhouse/edit','编辑房源信息：3','2020-04-26 09:50:29'),(544,'admin','123.146.97.7','shhouse/edit','编辑房源信息：3','2020-04-26 09:50:40'),(545,'admin','123.146.97.7','systemarticle/edit','编辑系统文章：20','2020-04-26 12:46:37'),(546,'admin','123.146.97.7','systemarticle/delete','删除文章：23','2020-04-26 12:48:11'),(547,'admin','123.146.97.7','systemarticle/edit','编辑系统文章：22','2020-04-26 12:48:53'),(548,'admin','123.146.97.7','systemarticle/delete','删除文章：22','2020-04-26 12:50:04'),(549,'admin','123.146.97.7','systemarticle/delete','删除文章：21','2020-04-26 12:51:02'),(550,'admin','123.146.97.7','systemarticle/add','添加系统文章：24','2020-04-26 12:51:13'),(551,'admin','123.146.97.7','systemarticle/delete','删除文章：24','2020-04-26 12:51:17'),(552,'admin','123.146.97.7','systemarticle/delete','删除文章：20','2020-04-26 12:51:20'),(553,'admin','123.146.97.7','systemarticle/add','添加系统文章：25','2020-04-26 12:52:27'),(554,'admin','123.146.97.7','systemarticle/delete','删除文章：25','2020-04-26 12:53:34'),(555,'admin','123.146.97.7','systemarticle/add','添加系统文章：26','2020-04-26 12:53:58'),(556,'admin','123.146.97.7','systemarticle/delete','删除文章：26','2020-04-26 12:54:13'),(557,'admin','123.146.97.7','systemarticle/delete','删除文章：19','2020-04-26 13:52:22'),(558,'admin','123.146.97.7','systemarticle/add','添加系统文章：27','2020-04-26 14:51:50'),(559,'admin','123.146.97.7','systemarticle/add','添加系统文章：28','2020-04-26 14:51:57'),(560,'admin','123.146.97.7','systemarticle/delete','删除文章：28','2020-04-26 14:52:10'),(561,'admin','123.146.97.7','systemarticle/delete','删除文章：27','2020-04-26 14:54:00'),(562,'admin','123.146.97.7','systemarticle/add','添加系统文章：29','2020-04-26 14:55:13'),(563,'admin','123.146.97.7','systemarticle/add','添加系统文章：30','2020-04-26 14:55:23'),(564,'admin','123.146.97.7','systemarticle/add','添加系统文章：31','2020-04-26 14:55:28'),(565,'admin','123.146.97.7','shhouse/edit','编辑房源信息：1','2020-04-26 16:30:58'),(566,'admin','123.146.97.7','shhouse/edit','编辑房源信息：1','2020-04-26 16:31:48'),(567,'admin','123.146.97.7','shhouse/edit','编辑房源信息：1','2020-04-26 16:32:20'),(568,'admin','123.146.97.7','shhouse/edit','编辑房源信息：3','2020-04-26 16:34:35'),(569,'admin','123.146.97.7','shhouse/edit','编辑房源信息：17','2020-04-26 17:00:42'),(570,'admin','123.146.97.7','shhouse/edit','编辑房源信息：1','2020-04-27 09:37:39'),(571,'admin','123.146.97.7','shhouseagent/add','添加经纪人：1','2020-04-27 10:23:12'),(572,'admin','123.146.97.7','shhouseagent/delete','删除经纪人：1','2020-04-27 10:24:03'),(573,'admin','123.146.97.7','shhouseagent/add','添加经纪人：2','2020-04-27 10:26:13'),(574,'admin','123.146.97.7','shhouseagent/edit','编辑经纪人：2','2020-04-27 10:26:26'),(575,'admin','123.146.97.7','shhouseagent/delete','删除经纪人：2','2020-04-27 10:26:34'),(576,'admin','123.146.97.7','shhouseagent/add','添加经纪人：3','2020-04-27 10:27:16'),(577,'admin','123.146.97.7','shhouseagent/edit','编辑经纪人：3','2020-04-27 10:27:22'),(578,'admin','123.146.97.7','shhouseagent/edit','编辑经纪人：3','2020-04-27 10:32:09'),(579,'admin','123.146.97.7','shhouseagent/edit','编辑经纪人：3','2020-04-27 10:34:05'),(580,'admin','123.146.97.7','manager/addadmin','添加管理员：wangbing','2020-04-27 10:34:49'),(581,'admin','123.146.97.7','shhouseagent/add','添加经纪人：4','2020-04-27 10:36:34'),(582,'admin','123.146.97.7','shhousevillage/add','添加配置：1','2020-04-27 11:33:08'),(583,'admin','123.146.97.7','shhousevillage/add','添加配置：2','2020-04-27 11:33:16'),(584,'admin','123.146.97.7','shhousevillage/add','添加配置：3','2020-04-27 11:33:27'),(585,'admin','123.146.97.7','shhousevillage/add','添加配置：4','2020-04-27 11:33:36'),(586,'admin','123.146.97.7','shhousevillage/add','添加配置：5','2020-04-27 11:33:44'),(587,'admin','123.146.97.7','shhousevillage/add','添加配置：6','2020-04-27 11:33:52'),(588,'admin','123.146.97.7','shhousevillage/add','添加配置：7','2020-04-27 11:34:07'),(589,'admin','123.146.97.7','shhousevillage/add','添加配置：8','2020-04-27 11:34:15'),(590,'admin','123.146.97.7','shhousevillage/add','添加配置：9','2020-04-27 11:34:27'),(591,'admin','123.146.97.7','shhousevillage/add','添加配置：10','2020-04-27 11:34:36'),(592,'admin','123.146.97.7','shhousevillage/add','添加配置：11','2020-04-27 11:34:43'),(593,'admin','123.146.97.7','shhousevillage/add','添加配置：12','2020-04-27 11:34:50'),(594,'admin','123.146.97.7','shhousevillageinfo/add','添加物业信息：1','2020-04-27 11:38:43'),(595,'admin','123.146.97.7','shhousevillageinfo/add','添加物业信息：2','2020-04-27 11:41:18'),(596,'admin','123.146.97.7','shhousevillageinfo/edit','编辑物业信息：2','2020-04-27 11:42:14'),(597,'admin','123.146.97.7','shhousevillageinfo/add','添加物业信息：3','2020-04-27 11:44:22'),(598,'admin','123.146.97.7','shhouse/edit','编辑房源信息：1','2020-04-27 12:13:06'),(599,'admin','123.146.97.7','shhouse/edit','编辑房源信息：1','2020-04-27 14:18:37'),(600,'admin','123.146.97.7','shhouse/edit','编辑房源信息：1','2020-04-27 14:23:19'),(601,'admin','123.146.97.7','shhouse/edit','编辑房源信息：2','2020-04-27 14:36:40'),(602,'admin','123.146.97.7','shhouse/edit','编辑房源信息：1','2020-04-27 14:39:06'),(603,'admin','183.67.48.113','shhouse/edit','编辑房源信息：7','2020-04-27 15:19:04'),(604,'admin','183.67.48.113','shhouse/edit','编辑房源信息：7','2020-04-27 15:20:14'),(605,'admin','183.67.48.113','shhouse/edit','编辑房源信息：7','2020-04-27 15:20:59'),(606,'admin','123.146.97.7','shhouse/edit','编辑房源信息：1','2020-04-27 16:52:51'),(607,'admin','123.146.97.7','systemarticle/delete','删除文章：29','2020-04-27 16:54:32'),(608,'admin','123.146.97.7','systemarticle/delete','删除文章：30','2020-04-27 16:54:35'),(609,'admin','123.146.97.7','systemarticle/delete','删除文章：31','2020-04-27 16:54:38'),(610,'admin','123.146.97.7','node/edit','编辑节点：配置列表','2020-04-27 17:59:59'),(611,'admin','123.146.97.7','node/edit','编辑节点：基础配置','2020-04-27 18:00:10'),(612,'admin','123.146.97.7','node/edit','编辑节点：系统配置','2020-04-27 18:00:16'),(613,'admin','123.146.97.7','node/edit','编辑节点：操作日志','2020-04-27 18:00:48'),(614,'admin','123.146.97.7','node/edit','编辑节点：登录日志','2020-04-27 18:00:52'),(615,'admin','123.146.97.7','node/edit','编辑节点：日志管理','2020-04-27 18:00:56'),(616,'admin','123.146.97.7','node/edit','编辑节点：节点管理','2020-04-27 18:01:41'),(617,'admin','124.227.241.64','shhouseescortorder/edit','处理预约订单：6','2020-04-27 18:18:42'),(618,'admin','124.227.241.64','systembanner/add','添加系统Banner：9','2020-04-27 18:28:48'),(619,'admin','124.227.241.64','systemguestbook/edit','处理系统留言建议：1','2020-04-27 18:31:12'),(620,'admin','124.227.241.64','shhouse/edit','编辑房源信息：10','2020-04-27 18:34:55'),(621,'admin','124.227.241.64','shhouseagent/add','添加经纪人：5','2020-04-27 18:39:37'),(622,'admin','124.227.241.64','shhousevillage/add','添加配置：13','2020-04-27 19:01:58'),(623,'admin','124.227.241.64','shhousevillage/add','添加配置：14','2020-04-27 19:02:16'),(624,'admin','124.227.241.64','shhousevillage/add','添加配置：15','2020-04-27 19:02:24'),(625,'admin','124.227.241.64','shhousevillage/add','添加配置：16','2020-04-27 19:02:39'),(626,'admin','124.227.241.64','shhouse/edit','编辑房源信息：9','2020-04-27 19:48:28'),(627,'admin','124.227.241.64','shhouse/edit','编辑房源信息：11','2020-04-28 09:41:11'),(628,'admin','124.227.241.64','shhouse/edit','编辑房源信息：11','2020-04-28 09:42:00'),(629,'admin','124.227.241.64','manager/addadmin','添加管理员：纪元平台1店','2020-04-28 10:03:38'),(630,'admin','124.227.241.64','shhouseagent/add','添加经纪人：6','2020-04-28 10:46:32'),(631,'admin','124.227.241.64','shhousevillageinfo/add','添加物业信息：4','2020-04-28 10:48:05'),(632,'admin','124.227.241.64','shhousevillageinfo/edit','编辑物业信息：4','2020-04-28 10:50:03'),(633,'admin','124.227.241.64','shhousevillageinfo/edit','编辑物业信息：4','2020-04-28 10:51:50'),(634,'admin','124.227.241.64','shhouse/edit','编辑房源信息：12','2020-04-28 10:58:06'),(635,'admin','124.227.241.64','shhouseagent/edit','编辑经纪人：6','2020-04-28 11:01:32'),(636,'admin','124.227.241.64','shhouseagent/edit','编辑经纪人：6','2020-04-28 11:01:32'),(637,'admin','123.146.97.7','manager/addadmin','添加管理员：yang','2020-04-28 11:20:47'),(638,'admin','123.146.97.7','shhouseagent/edit','编辑经纪人：5','2020-04-28 11:21:00'),(639,'admin','124.227.241.64','shhouseescortorder/edit','处理预约订单：6','2020-04-28 11:26:44'),(640,'admin','124.227.241.64','shhouseescortorder/edit','处理预约订单：14','2020-04-28 11:28:02'),(641,'admin','123.146.97.7','shhouseescortorder/edit','处理预约订单：1','2020-04-28 11:30:20'),(642,'admin','124.227.241.64','shhouseescortorder/edit','处理预约订单：14','2020-04-28 11:36:25'),(643,'admin','123.146.97.7','shhouseagent/edit','编辑经纪人：3','2020-04-28 11:38:51'),(644,'admin','123.146.97.7','systemarticle/add','添加系统文章：32','2020-04-28 11:48:39'),(645,'admin','124.227.241.64','shhouseescortorder/edit','处理预约订单：5','2020-04-28 14:42:24'),(646,'admin','124.227.241.64','shhouseescortorder/edit','处理预约订单：10','2020-04-28 14:42:31'),(647,'admin','124.227.241.64','shhouseescortorder/edit','处理预约订单：12','2020-04-28 14:42:38'),(648,'admin','124.227.241.64','shhouseescortorder/edit','处理预约订单：13','2020-04-28 14:42:47'),(649,'admin','124.227.241.64','shhouseescortorder/edit','处理预约订单：16','2020-04-28 14:42:57'),(650,'admin','123.146.97.7','shhouse/edit','编辑房源信息：1','2020-04-28 16:47:45'),(651,'admin','183.67.49.155','shhouse/edit','编辑房源信息：15','2020-04-28 17:38:34'),(652,'admin','123.146.97.7','shhouse/edit','编辑房源信息：15','2020-04-28 17:58:24'),(653,'admin','123.146.97.7','systemguestbook/edit','处理系统留言建议：4','2020-04-28 17:59:30'),(654,'admin','123.146.97.7','systemarticle/edit','编辑系统文章：4','2020-04-28 18:00:15'),(655,'admin','123.146.97.7','systemarticle/edit','编辑系统文章：4','2020-04-28 18:00:15'),(656,'admin','123.146.97.7','shhousevillageinfo/delete','删除物业信息：3','2020-04-29 09:29:39'),(657,'admin','123.146.97.7','shhouse/edit','编辑房源信息：1','2020-04-29 11:20:27'),(658,'admin','123.146.97.7','shhouse/edit','编辑房源信息：17','2020-04-29 11:50:01'),(659,'admin','124.227.241.64','shhouse/edit','编辑房源信息：18','2020-04-29 14:43:51'),(660,'admin','124.227.241.64','shhouse/edit','编辑房源信息：20','2020-04-29 14:44:28'),(661,'admin','124.227.241.64','manager/editadmin','编辑管理员：纪元平台1店','2020-04-29 14:46:32'),(662,'admin','123.146.97.7','systemarticle/add','添加系统文章：33','2020-04-29 15:03:42'),(663,'admin','123.146.97.7','systemarticle/add','添加系统文章：34','2020-04-29 15:06:08'),(664,'纪元平台1店','124.227.241.64','shhouse/edit','编辑房源信息：19','2020-04-29 15:13:37'),(665,'admin','123.146.97.7','node/add','添加节点：编辑订单','2020-04-29 15:20:09'),(666,'admin','123.146.97.7','role/assignauthority','分配权限：9','2020-04-29 15:20:31'),(667,'admin','123.146.97.7','node/edit','编辑节点：节点管理','2020-04-29 15:21:45');

#
# Structure for table "system_admin_power_node"
#

DROP TABLE IF EXISTS `system_admin_power_node`;
CREATE TABLE `system_admin_power_node` (
  `node_id` int(11) NOT NULL AUTO_INCREMENT COMMENT '角色id',
  `node_name` varchar(55) NOT NULL COMMENT '节点名称',
  `node_path` varchar(55) NOT NULL COMMENT '节点路径',
  `node_pid` int(11) NOT NULL COMMENT '所属节点',
  `node_icon` varchar(55) DEFAULT NULL COMMENT '节点图标',
  `is_menu` tinyint(1) NOT NULL DEFAULT '1' COMMENT '是否是菜单项 1 不是 2 是',
  `weight` int(11) NOT NULL DEFAULT '0' COMMENT '权重',
  `add_time` datetime DEFAULT NULL COMMENT '添加时间',
  PRIMARY KEY (`node_id`) USING BTREE
) ENGINE=InnoDB AUTO_INCREMENT=67 DEFAULT CHARSET=utf8 ROW_FORMAT=DYNAMIC COMMENT='后台管理员权限节点';

#
# Data for table "system_admin_power_node"
#

INSERT INTO `system_admin_power_node` VALUES (1,'主页','#',0,'layui-icon layui-icon-home',1,12,'2019-09-03 14:17:38'),(2,'后台首页','index/index',1,'',1,0,'2019-09-03 14:18:24'),(3,'修改密码','index/editpwd',1,'',1,0,'2019-09-03 14:19:03'),(4,'权限管理','#',0,'layui-icon layui-icon-template',2,11,'2019-09-03 14:19:34'),(5,'管理员管理','manager/index',4,'',2,2,'2019-09-03 14:27:42'),(6,'添加管理员','manager/addadmin',5,'',1,0,'2019-09-03 14:28:26'),(7,'编辑管理员','manager/editadmin',5,'',1,0,'2019-09-03 14:28:43'),(8,'删除管理员','manager/deladmin',5,'',1,0,'2019-09-03 14:29:14'),(9,'日志管理','#',0,'layui-icon layui-icon-template-1',1,0,'2019-10-08 16:07:36'),(11,'登录日志','log/login',9,'',1,0,'2019-10-08 16:26:27'),(12,'操作日志','log/operate',9,'',1,0,'2019-10-08 17:02:10'),(13,'角色管理','role/index',4,'',2,3,'2019-10-09 21:35:54'),(14,'添加角色','role/add',13,'',1,0,'2019-10-09 21:40:06'),(15,'编辑角色','role/edit',13,'',1,0,'2019-10-09 21:40:53'),(16,'删除角色','role/delete',13,'',1,0,'2019-10-09 21:41:07'),(17,'权限分配','role/assignauthority',13,'',1,0,'2019-10-09 21:41:38'),(18,'节点管理','node/index',4,'',1,4,'2019-10-09 21:42:06'),(19,'添加节点','node/add',18,'',1,0,'2019-10-09 21:42:51'),(20,'编辑节点','node/edit',18,'',1,0,'2019-10-09 21:43:29'),(21,'删除节点','node/delete',18,'',1,0,'2019-10-09 21:43:44'),(22,'系统管理','#',0,'layui-icon layui-icon-set-fill',2,8,'2020-03-29 19:31:00'),(23,'配置管理','#',22,'',2,0,'2020-03-29 21:19:31'),(24,'基础配置','systemconfig/managesystemconfigbasic',23,'',1,0,'2020-04-02 15:02:18'),(25,'配置列表','systemconfig/index',22,'',1,0,'2020-04-02 15:37:44'),(26,'系统配置','systemconfig/managesystemconfigsystem',23,'',1,0,'2020-04-03 10:48:28'),(27,'内容管理','#',0,'layui-icon layui-icon-read',2,10,'2020-04-03 13:50:57'),(29,'分类管理','systemcategory/index',27,'',2,0,'2020-04-03 13:54:10'),(30,'文章管理','systemarticle/index',27,'',2,0,'2020-04-03 14:03:07'),(31,'Banner管理','systembanner/index',27,'',2,0,'2020-04-04 22:06:20'),(32,'添加Banner','systembanner/add',31,'',1,0,'2020-04-04 22:09:18'),(33,'编辑Banner','systembanner/edit',31,'',1,0,'2020-04-04 22:09:53'),(34,'删除Banner','systembanner/delete',31,'',1,0,'2020-04-04 22:10:06'),(35,'添加配置','systemconfig/add',25,'',1,0,'2020-04-05 17:36:20'),(36,'编辑配置','systemconfig/edit',25,'',1,0,'2020-04-05 17:36:38'),(37,'删除配置','systemconfig/delete',25,'',1,0,'2020-04-05 17:36:58'),(38,'添加分类','systemcategory/add',29,'',1,0,'2020-04-05 17:37:17'),(39,'编辑分类','systemcategory/edit',29,'',1,0,'2020-04-05 17:37:29'),(40,'删除分类','systemcategory/delete',29,'',1,0,'2020-04-05 17:37:40'),(41,'添加文章','systemarticle/add',30,'',1,0,'2020-04-05 17:38:14'),(42,'编辑文章','systemarticle/edit',30,'',1,0,'2020-04-05 17:38:27'),(43,'删除文章','systemarticle/delete',30,'',1,0,'2020-04-05 17:38:37'),(44,'房源配置','systemconfig/managesystemconfigshhouse',23,'',2,0,'2020-04-07 18:35:29'),(45,'用户配置','systemconfig/managesystemconfiguser',23,'',2,0,'2020-04-10 15:20:59'),(46,'经纪人管理','shhouseagent/index',4,'',2,0,'2020-04-13 15:55:13'),(47,'添加经纪人','shhouseagent/add',46,'',1,0,'2020-04-13 15:58:14'),(48,'删除经纪人','shhouseagent/delete',46,'',1,0,'2020-04-13 15:59:19'),(49,'编辑经纪人','shhouseagent/edit',46,'',1,0,'2020-04-13 15:59:37'),(50,'二手房管理','#',0,'layui-icon layui-icon-read',2,0,'2020-04-14 16:54:19'),(51,'区域/街道配置','shhousevillage/index',50,'',2,0,'2020-04-14 16:56:29'),(52,'添加配置','shhousevillage/add',51,'',1,0,'2020-04-14 16:56:52'),(53,'删除配置','shhousevillage/delete',51,'',1,0,'2020-04-14 16:57:10'),(54,'编辑配置','shhousevillage/edit',51,'',1,0,'2020-04-14 16:57:35'),(56,'小区物业信息','shhousevillageinfo/index',50,'',2,0,'2020-04-14 17:55:24'),(57,'添加物业信息','shhousevillageinfo/add',56,'',1,0,'2020-04-14 17:56:27'),(58,'删除物业信息','shhousevillageinfo/delete',56,'',1,0,'2020-04-14 17:56:44'),(59,'编辑物业信息','shhousevillageinfo/edit',56,'',1,0,'2020-04-14 17:56:59'),(60,'用户管理','#',0,'layui-icon layui-icon-read',2,0,'2020-04-15 14:12:25'),(61,'用户列表','user/index',60,'',2,0,'2020-04-15 14:39:27'),(62,'房源列表','shhouse/index',50,'',2,0,'2020-04-15 16:41:54'),(63,'编辑房源','shhouse/edit',62,'',1,0,'2020-04-15 16:42:58'),(64,'删除房源','shhouse/delete',62,'',1,0,'2020-04-15 16:43:25'),(65,'预约订单','shhouseescortorder/index',50,'',2,0,'2020-04-16 17:14:49'),(66,'需求/建议','systemguestbook/index',60,'',2,0,'2020-04-20 16:02:32'),(67,'编辑订单','shhouseescortorder/edit',65,'',1,0,'2020-04-29 15:20:09');

#
# Structure for table "system_admin_role"
#

DROP TABLE IF EXISTS `system_admin_role`;
CREATE TABLE `system_admin_role` (
  `role_id` int(11) NOT NULL AUTO_INCREMENT COMMENT '角色id',
  `role_name` varchar(55) NOT NULL COMMENT '角色名称',
  `role_node` varchar(255) NOT NULL COMMENT '角色拥有的权限节点',
  `role_status` tinyint(1) NOT NULL DEFAULT '1' COMMENT '角色状态 1 启用 2 禁用',
  PRIMARY KEY (`role_id`) USING BTREE
) ENGINE=InnoDB AUTO_INCREMENT=10 DEFAULT CHARSET=utf8 ROW_FORMAT=DYNAMIC COMMENT='管理员角色';

#
# Data for table "system_admin_role"
#

INSERT INTO `system_admin_role` VALUES (1,'超级管理员','#',1),(9,'经纪人','1,2,3,50,51,52,53,54,56,57,58,59,62,63,64,65,67',1);

#
# Structure for table "system_banner"
#

DROP TABLE IF EXISTS `system_banner`;
CREATE TABLE `system_banner` (
  `id` int(11) NOT NULL AUTO_INCREMENT,
  `unique_identify` varchar(30) DEFAULT NULL COMMENT '唯一标识,避免数据直接依赖id',
  `type` tinyint(3) NOT NULL DEFAULT '0' COMMENT '分类',
  `picture` int(11) NOT NULL DEFAULT '0' COMMENT '展示图',
  `description` varchar(100) NOT NULL DEFAULT '' COMMENT '描述',
  `target_rule` varchar(30) NOT NULL DEFAULT '' COMMENT '跳转规则',
  `target_param` varchar(255) NOT NULL DEFAULT '' COMMENT '跳转参数',
  `start_time` int(11) NOT NULL DEFAULT '0' COMMENT '展示开始时间',
  `end_time` int(11) NOT NULL DEFAULT '0' COMMENT '展示结束时间',
  `weight` int(11) NOT NULL DEFAULT '0' COMMENT '权重：值越大权重越高',
  `create_time` int(11) NOT NULL DEFAULT '0' COMMENT '创建时间',
  `update_time` int(11) NOT NULL DEFAULT '0' COMMENT '更新时间',
  `status` tinyint(3) NOT NULL DEFAULT '1' COMMENT '状态：1可用0禁用',
  PRIMARY KEY (`id`),
  UNIQUE KEY `unique_identify` (`unique_identify`)
) ENGINE=InnoDB AUTO_INCREMENT=9 DEFAULT CHARSET=utf8 COMMENT='系统轮播图，广告图';

#
# Data for table "system_banner"
#

INSERT INTO `system_banner` VALUES (8,'index_top_banner',0,8,'首页顶部banner','','',0,0,0,1586249516,1587614697,1),(9,NULL,0,58,'半岛闲居别墅123123','','',0,0,0,1587983328,1587983328,1);

#
# Structure for table "system_category"
#

DROP TABLE IF EXISTS `system_category`;
CREATE TABLE `system_category` (
  `id` int(11) NOT NULL AUTO_INCREMENT,
  `unique_identify` varchar(30) DEFAULT NULL COMMENT '唯一标识,避免数据直接依赖id',
  `parent_id` int(11) NOT NULL DEFAULT '0' COMMENT '上级分类id',
  `level` tinyint(3) NOT NULL DEFAULT '1' COMMENT '分类等级,顶级为1',
  `name` varchar(30) NOT NULL DEFAULT '' COMMENT '分类名称',
  `description` varchar(255) NOT NULL DEFAULT '' COMMENT '分类描述',
  `icon` int(11) NOT NULL DEFAULT '0' COMMENT '分类图标',
  `out_link` varchar(255) NOT NULL DEFAULT '' COMMENT '外链',
  `weight` int(11) NOT NULL DEFAULT '0' COMMENT '权重',
  `create_time` int(11) NOT NULL DEFAULT '0',
  `update_time` int(11) NOT NULL DEFAULT '0',
  `status` tinyint(3) NOT NULL DEFAULT '1' COMMENT '状态：1可用，0禁用',
  PRIMARY KEY (`id`),
  UNIQUE KEY `unique_identify` (`unique_identify`)
) ENGINE=InnoDB AUTO_INCREMENT=39 DEFAULT CHARSET=utf8 COMMENT='系统分类';

#
# Data for table "system_category"
#

INSERT INTO `system_category` VALUES (18,'article_category',0,1,'文章分类','',0,'',0,0,0,1),(20,NULL,18,2,'系统文章','',0,'',0,0,0,1),(23,'platform_help',18,2,'平台帮助','',0,'',0,0,0,1),(24,NULL,23,3,'教育','',0,'',0,0,0,1),(25,NULL,23,3,'政策','',0,'',1,0,0,1);

#
# Structure for table "system_article"
#

DROP TABLE IF EXISTS `system_article`;
CREATE TABLE `system_article` (
  `id` int(11) NOT NULL AUTO_INCREMENT,
  `unique_identify` varchar(30) DEFAULT NULL COMMENT '唯一标识,避免数据直接依赖id',
  `admin_id` int(11) NOT NULL DEFAULT '0' COMMENT '管理员id',
  `category_id` int(11) DEFAULT NULL COMMENT '分类id',
  `title` varchar(60) NOT NULL DEFAULT '' COMMENT '文章标题',
  `describe` varchar(300) NOT NULL DEFAULT '' COMMENT '文章概要',
  `content` text COMMENT '文章内容',
  `cover` int(11) NOT NULL DEFAULT '0' COMMENT '文章封面图',
  `weight` int(11) NOT NULL DEFAULT '0' COMMENT '权重，值越大权重越高',
  `is_suggest` tinyint(3) NOT NULL DEFAULT '0' COMMENT '推荐：1是0否',
  `collections` int(11) NOT NULL DEFAULT '0' COMMENT '收藏次数',
  `views` int(11) NOT NULL DEFAULT '0' COMMENT '浏览次数',
  `out_link` varchar(255) NOT NULL DEFAULT '' COMMENT '外链',
  `create_time` int(11) NOT NULL DEFAULT '0',
  `update_time` int(11) NOT NULL DEFAULT '0',
  `status` tinyint(3) NOT NULL DEFAULT '1' COMMENT '状态：1可用，0禁用',
  PRIMARY KEY (`id`),
  UNIQUE KEY `unique_identify` (`unique_identify`),
  KEY `category_id` (`category_id`),
  CONSTRAINT `category_id` FOREIGN KEY (`category_id`) REFERENCES `system_category` (`id`)
) ENGINE=InnoDB AUTO_INCREMENT=16 DEFAULT CHARSET=utf8 COMMENT='系统文章';

#
# Data for table "system_article"
#

INSERT INTO `system_article` VALUES (4,'user_protocol',1,20,'用户协议','','<p>用户协议</p><p>用户协议</p><p>用户协议</p><p>用户协议</p><p>用户协议</p>',0,0,1,0,0,'',1586159274,1588068015,1),(5,'jy_privacy_protocol',1,20,'纪元隐私协议','','<p>纪元隐私协议</p><p>纪元隐私协议</p><p>纪元隐私协议</p><p>纪元隐私协议</p><p>纪元隐私协议</p>',0,0,1,0,0,'',1586159834,1587612018,1),(6,'system_welcome',1,20,'欢迎使用纪云平台','','<p>欢迎使用纪云平台</p><p>欢迎使用纪云平台</p><p>欢迎使用纪云平台</p><p>欢迎使用纪云平台</p><p>欢迎使用纪云平台</p>',0,0,1,0,0,'',1586160024,1587612030,1),(7,NULL,1,24,'教育相关','教育相关','<h1 style=\"white-space: normal; text-align: center;\">教育相关教育相关</h1><p style=\"text-align: center;\">相关教育相关教育相关教育相关教育相关教育相关教育相关教育相关教育相关</p><p style=\"text-align:center\"><img src=\"/uploads/ueditor/image/20200414/1586835492517663.png\" title=\"1586835492517663.png\" alt=\"1586835492517663.png\" width=\"100\" height=\"30\"/></p><p style=\"text-align: center;\">相关教育相关教育相关教育相关相关教育相关教育相关教育相关<br/></p><p style=\"text-align: center;\">相关教育相关教育相关教育相关相关教育相关教育相关教育相关</p><p style=\"text-align: center;\">相关教育相关教育相关教育相关</p>',14,0,1,0,0,'',1586166297,1587633383,1),(11,NULL,1,25,'政策相关','政策相关','<p>政策相关政策相关政策相关</p>',12,0,1,0,0,'',1586166805,1587633003,1),(13,'vip_introduce',1,20,'vip介绍','vip介绍','<p><img src=\"/uploads/ueditor/image/20200423/1587612142999617.png\" title=\"1587612142999617.png\" alt=\"image.png\"/></p>',0,0,0,0,0,'',1586500352,1587612211,1),(16,'about_us',1,20,'关于我们','','<p>关于我们</p><p>关于我们</p><p>关于我们</p><p>关于我们</p><p>关于我们</p><p><br/></p>',0,0,0,0,0,'',1587612370,1587612370,1),(17,'house_butler',1,20,'房管家','','<p>房管家</p><p>房管家</p><p>房管家</p><p>房管家</p><p>房管家</p><p><br/></p>',0,0,0,0,0,'',1587612500,1587612500,1),(18,NULL,1,25,'买房政策','买房政策买房政策买房政策买房政策买房政策买房政策','<p>买房政策买房政策买房政策买房政策买房政策买房政策买房政策买房政策买房政策买房政策买房政策买房政策买房政策买房政策</p>',13,0,0,0,0,'',1587633078,1587633078,1),(32,'jy_upload_house_protocol',1,20,'上录房源协议','','<p>上录房源协议</p><p>上录房源协议</p><p>上录房源协议</p><p>上录房源协议</p><p>上录房源协议</p><p>上录房源协议</p><p>上录房源协议</p><p><br/></p>',0,0,0,0,0,'',1588045719,1588045719,1),(33,'new_house_introduce',1,20,'新房板块介绍','','<p>新房板块介绍<br/>新房板块介绍</p><p>新房板块介绍<br/>新房板块介绍<br/>新房板块介绍<br/>新房板块介绍</p>',0,0,0,0,0,'',1588143822,1588143822,1),(34,'domestic_service_introduce',1,20,'家政板块介绍','','<p>家政板块介绍<br/>家政板块介绍<br/>家政板块介绍<br/>家政板块介绍<br/>家政板块介绍<br/>家政板块介绍</p>',0,0,0,0,0,'',1588143968,1588143968,1);

#
# Structure for table "system_config"
#

DROP TABLE IF EXISTS `system_config`;
CREATE TABLE `system_config` (
  `id` int(11) NOT NULL AUTO_INCREMENT,
  `name` varchar(30) NOT NULL DEFAULT '' COMMENT '配置名称',
  `value` text COMMENT '配置值',
  `type` varchar(30) NOT NULL DEFAULT '' COMMENT '配置类型，不同类型对应不同的编辑方式',
  `group` varchar(30) NOT NULL DEFAULT '' COMMENT '配置分组,便于后台分组管理',
  `title` varchar(30) NOT NULL DEFAULT '' COMMENT '配置标题',
  `remark` varchar(255) NOT NULL DEFAULT '' COMMENT '配置说明',
  `enum_config` varchar(255) NOT NULL DEFAULT '' COMMENT '枚举配置，只有配置类型为枚举的时候该字段才会用到',
  `create_time` int(11) NOT NULL DEFAULT '0',
  `update_time` int(11) NOT NULL DEFAULT '0',
  PRIMARY KEY (`id`),
  UNIQUE KEY `name` (`name`) COMMENT '配置名称唯一'
) ENGINE=InnoDB AUTO_INCREMENT=34 DEFAULT CHARSET=utf8 COMMENT='系统配置';

#
# Data for table "system_config"
#

INSERT INTO `system_config` VALUES (1,'config_type','{\"string\":\"字符串\",\"number\":\"数字\",\"array\":\"数组\",\"map\":\"映射\",\"enum\":\"枚举\",\"image\":\"图片\",\"text\":\"文本\"}','map','system','配置类型','配置类型','',0,1586961801),(2,'config_group','{\"basic\":\"基本配置\",\"user\":\"用户配置\",\"system\":\"系统配置\",\"shhouse\":\"房源配置\"}\0','map','system','配置分组','配置分组','',0,1586503191),(7,'localUploadDirverHost','http://fangchan.jisapp.cn','string','system','本地图片地址','本地图片地址','',1585877186,1586961769),(8,'banner_target_rule','{\"article_list\":\"文章列表页\",\"article_detail\":\"文章详情页\",\"out_link\":\"外链\"}','map','system','Banner跳转规则','跳转规则,每种规则可指定跳转参数','',1586066021,1586066021),(9,'banner_type','{\"1\":\"保留\",\"2\":\"保留\"}','map','system','banner分类','banner分类','',1586179509,1586245728),(10,'guestbook_type','{\"1\":\"用户需求\",\"2\":\"投诉建议\"}','map','system','留言分类','留言分类','',1586183686,1586183686),(14,'installation','[\"电视\",\"沙发\",\"洗衣机\",\"床\",\"冰箱\",\"空调\",\"暖气\",\"衣柜\",\"热水器\",\"水泥地\",\"地砖\",\"木地板\"]','array','shhouse','配套设施','配套设施','',1586257276,1586499074),(22,'house_tag','[\"学区房\",\"免双税\",\"近地铁\",\"满五唯一\",\"满五不唯一\",\"急卖\",\"房管家\"]','array','shhouse','房源标签','房源标签','',1586257876,1587723956),(24,'default_head','2','image','basic','默认头像','默认头像','',1586416709,1586416709),(25,'browse_record_type','{\"sshouse\":\"二手房\"}','map','system','浏览记录分类','浏览记录分类','',1586447355,1586447355),(26,'collection_record_type','{\"shhouse\":\"二手房\"}','map','system','收藏记录分类','收藏记录分类','',1586483474,1586483525),(27,'user_vip_price','{\"month\":0.01,\"quarter\":0.01,\"year\":0.01}','map','user','vip价格配置','vip价格配置','',1586499346,1586922004),(29,'consume_type','{\"vip_privilege\":\"vip特权\",\"agent_escort\":\"经纪人陪同服务\"}','map','system','消费类型配置','消费类型配置','',1586503447,1586503447),(30,'shhouse_show_days','30','number','shhouse','房源展示时间','每次房源上架后的展示时间,单位(天)','',1586618435,1586618435),(31,'month_vip_privilege','{\"look_mobile_times\":3,\"escort_service_times\":0}','map','user1','月会员特权配置','月会员特权配置','',1587464199,1587464199),(32,'quarter_vip_privilege','{\"look_mobile_times\":3,\"escort_service_times\":0}','map','user1','季会员特权配置','季会员特权配置','',1587464252,1587464252),(33,'year_vip_privilege','{\"look_mobile_times\":3,\"escort_service_times\":0}','map','user1','年会员特权配置','年会员特权配置','',1587464290,1587464290),(34,'shhescort_price','0.02','number','shhouse','陪同看房费用','预约陪同看房服务费,单位(元)','',0,0);

#
# Structure for table "system_file"
#

DROP TABLE IF EXISTS `system_file`;
CREATE TABLE `system_file` (
  `id` int(11) NOT NULL AUTO_INCREMENT,
  `name` varchar(90) NOT NULL DEFAULT '' COMMENT '文件名称',
  `size` int(11) NOT NULL DEFAULT '0' COMMENT '文件大小',
  `extend_name` varchar(10) NOT NULL DEFAULT '' COMMENT '文件扩展名',
  `mime` varchar(30) NOT NULL DEFAULT '' COMMENT '文件mime类型',
  `md5` varchar(32) NOT NULL DEFAULT '' COMMENT 'MD5值',
  `sha1` varchar(40) NOT NULL DEFAULT '' COMMENT 'sha1值',
  `uri` varchar(100) NOT NULL DEFAULT '' COMMENT '资源地址',
  `upload_driver` varchar(30) NOT NULL DEFAULT 'localUploadDirver' COMMENT '文件上传驱动,不同的驱动对应不同的主机访问地址',
  `carete_time` int(11) NOT NULL DEFAULT '0',
  PRIMARY KEY (`id`),
  KEY `mime_md5` (`mime`,`md5`)
) ENGINE=InnoDB DEFAULT CHARSET=utf8 COMMENT='系统文件';

#
# Data for table "system_file"
#

INSERT INTO `system_file` VALUES (1,'70af1542cfe39a502de5690374c15e45.jpg',92089,'jpg','image/jpeg','f9211aaad81d73fc91e2fcf4a4167120','de4f49bef4c184b62f9696cfbf0976eca51e0f94','/uploads/api/System/upload/20200423/70af1542cfe39a502de5690374c15e45.jpg','localUploadDirver',1587610557),(2,'9af73450a6b26752bd16872cbf4d375c.jpg',107232,'jpg','image/jpeg','49e57f62e328a3a7dfd4d0b35d64ff12','53649907f98e56571219c13a310b827526c95490','/uploads/api/System/upload/20200423/9af73450a6b26752bd16872cbf4d375c.jpg','localUploadDirver',1587611068),(3,'443ed4a3015477309eaec31b8ba30286.jpg',2681,'jpg','image/jpeg','c7a9db824df82c90914409d16b5f72d9','e9bd1f482a1cca905bd8110015409474f38daaa7','/uploads/api/System/upload/20200423/443ed4a3015477309eaec31b8ba30286.jpg','localUploadDirver',1587611554),(4,'369060074b8fee877dab4abceda5a058.jpg',2708,'jpg','image/jpeg','9787e2598c915f7bc2b9d68a84b22953','6d83d50289b1a8b7536bbdccd024fb70e2d297cd','/uploads/api/System/upload/20200423/369060074b8fee877dab4abceda5a058.jpg','localUploadDirver',1587612514),(5,'8cc911c490ad3ad6f85de55978f2fe42.jpg',2609,'jpg','image/jpeg','263dfd5f13031d7e59c89f4cc3bd3d7c','ce3f813de6fa1a32c55459ccff1eafa33329a6d6','/uploads/api/System/upload/20200423/8cc911c490ad3ad6f85de55978f2fe42.jpg','localUploadDirver',1587612552),(6,'5728eff089a254c2dbbb970312b9f1f9.jpg',2641,'jpg','image/jpeg','10c413398fa0e76ecf9ba37815e1006c','9b9288890bbac78cb40656bcb82a9be886ca9b73','/uploads/api/System/upload/20200423/5728eff089a254c2dbbb970312b9f1f9.jpg','localUploadDirver',1587613453),(7,'4c4eadd5655dc0fc72cde8612e586b2d.png',125734,'png','image/png','661002bcc45fbb3ef56516cbaf6a4176','6971be7f0a8edfd6d3e99d43266be8fc66cd177f','/uploads/admin/Upload/upload/20200423/4c4eadd5655dc0fc72cde8612e586b2d.png','localUploadDirver',1587614516),(8,'539a70a86351e94d2dd6cf7a106b720a.png',560007,'png','image/png','94dc014f8dc171f676cca7fcaeb46f5d','7fe36ebda821c098e6b419b3f12fcfc4c64e06f5','/uploads/admin/Upload/upload/20200423/539a70a86351e94d2dd6cf7a106b720a.png','localUploadDirver',1587614695),(9,'5a6072017e5ad405da4962a11835fbd1.jpg',1382,'jpg','image/jpeg','4a8214c2dd227db1b0de62fb05e8d511','ceb9e2f06511f6360817cc4248d080639816b790','/uploads/api/System/upload/20200423/5a6072017e5ad405da4962a11835fbd1.jpg','localUploadDirver',1587615351),(10,'cb78dbeb314b7749ce53f2a80ef78bf0.png',302899,'png','image/png','66c80207dde4c64b7422dbf2c4847b4d','a855b284795ce88365940948aaa88f677153b7c7','/uploads/api/System/upload/20200423/cb78dbeb314b7749ce53f2a80ef78bf0.png','localUploadDirver',1587627997),(11,'f47fa5f2e6a76b9633d1850f35bc914d.jpg',1610,'jpg','image/jpeg','53ee0373b5e2af9d15686e241814ea20','cd36015d1b6913f38df5a325ff5108b17a85be21','/uploads/api/System/upload/20200423/f47fa5f2e6a76b9633d1850f35bc914d.jpg','localUploadDirver',1587628151),(12,'35bb15940990a2afe7c0a0c90834ebb4.jpg',95491,'jpg','image/jpeg','20e33fe1b064b63958ca1ec39866a426','8947ad0ec384c1585771d1ef25160ea86eedb340','/uploads/admin/Upload/upload/20200423/35bb15940990a2afe7c0a0c90834ebb4.jpg','localUploadDirver',1587633000),(13,'677c23a79031057b3a42403a9cbd315e.jpg',68359,'jpg','image/jpeg','5c26911800eb3c440c075e09b732323b','b46ade300cec9763bac201ee97bd0cd8806ec722','/uploads/admin/Upload/upload/20200423/677c23a79031057b3a42403a9cbd315e.jpg','localUploadDirver',1587633069),(14,'20cf57ec5cb5e257154c169972decc16.jpeg',56644,'jpeg','image/jpeg','297f00037b61310e7a01759ad40704f6','f13d132c0a418c02d3becf36adb22ce6290a798b','/uploads/admin/Upload/upload/20200423/20cf57ec5cb5e257154c169972decc16.jpeg','localUploadDirver',1587633381),(15,'9e5c3736034fe6239dc21d8b11028006.jpg',18053,'jpg','image/jpeg','45fc80fb258cf840a999d7514c311517','831c851d8933d3594922900bf97b83bc02ac4ad1','/uploads/admin/Upload/upload/20200423/9e5c3736034fe6239dc21d8b11028006.jpg','localUploadDirver',1587633650),(16,'f7905db181bf8253587f8942f87c74f9.jpg',35874,'jpg','image/jpeg','b7f2b96f2d99c2f1fcbdd23b71102b87','cda7e6a2ebe2da98885333f29a665456f5cd874c','/uploads/api/System/upload/20200423/f7905db181bf8253587f8942f87c74f9.jpg','localUploadDirver',1587635954),(17,'0bc70e6d492e62ffee696bf8429bb866.jpg',21666,'jpg','image/jpeg','989e1ff34e1ac80e23ceb8b7fe6318d8','7db048fc513f57331f4f31f4e343494c2460f892','/uploads/api/System/upload/20200423/0bc70e6d492e62ffee696bf8429bb866.jpg','localUploadDirver',1587635964),(18,'c698d9660cdd8436ec49578a7c57735a.jpg',21524,'jpg','image/jpeg','861420e767598bb55d5a3c3da4fffbe3','228c96312636e63183294a1181d5787f491ca557','/uploads/api/System/upload/20200423/c698d9660cdd8436ec49578a7c57735a.jpg','localUploadDirver',1587635980),(19,'e17e90d0f3bd1fafa068d9a3f947205b.jpg',13071,'jpg','image/jpeg','a14f78437bf18ce09036370e559b8c19','05692eb5902bdbf0c4c4ba24e9621264a99f043d','/uploads/api/System/upload/20200423/e17e90d0f3bd1fafa068d9a3f947205b.jpg','localUploadDirver',1587635992),(20,'6d5726800fe06c3fcd4fc34af1fbd1dc.jpg',19183,'jpg','image/jpeg','44636c24fde9112c2c5fdbb4b1135ad5','909317c71a10acd1b836e88a2477b15419b55baa','/uploads/api/System/upload/20200423/6d5726800fe06c3fcd4fc34af1fbd1dc.jpg','localUploadDirver',1587635992),(21,'6faab910061b2ebaa0b03944c3825b1a.jpg',38377,'jpg','image/jpeg','0be691730e0b8e22eddd10ff6893fb8e','ddfb3ac5b5e3fd5c7c5ab1a2972a7da3dd1fbdef','/uploads/api/System/upload/20200423/6faab910061b2ebaa0b03944c3825b1a.jpg','localUploadDirver',1587635992),(22,'0aeb1e16481cb2bf7d0cb16d620a37f7.jpg',2074,'jpg','image/jpeg','756e3b7afd85e998dc62e5fc40c6d464','e5d3abc23bebd8c1387428b5005ab589efc47277','/uploads/api/System/upload/20200424/0aeb1e16481cb2bf7d0cb16d620a37f7.jpg','localUploadDirver',1587698548),(23,'eb2c5a09729886b433de93f98234a1c5.jpg',165767,'jpg','image/jpeg','caffdb9f02519cd03cc81b9a5c1b9700','f543657690bf93b569ae012318c3441ce807a158','/uploads/api/System/upload/20200424/eb2c5a09729886b433de93f98234a1c5.jpg','localUploadDirver',1587700054),(24,'10c425d07dddd747be20aebf8469b961.jpg',1354042,'jpg','image/jpeg','ffd99f357c65f4133a09da2b7d36c053','2227176997656b3e8b46213eff520b57f7be09c8','/uploads/api/System/upload/20200424/10c425d07dddd747be20aebf8469b961.jpg','localUploadDirver',1587700089),(25,'62ec0e1a3b60ec7047b65d21c9fe19b2.jpg',1587104,'jpg','image/jpeg','349aaa49df1a0893e17f160bc03db0be','5895ed05ce13edff6400d8cedcfd055343f033c0','/uploads/api/System/upload/20200424/62ec0e1a3b60ec7047b65d21c9fe19b2.jpg','localUploadDirver',1587700089),(26,'9cb5aa5ca6e6f875286a905f249375e9.jpg',110823,'jpg','image/jpeg','3b6210fa773ac8efeae7174dbf557c5e','446716aa4487ed4a1f44cc814b7ae08ded243c37','/uploads/api/System/upload/20200424/9cb5aa5ca6e6f875286a905f249375e9.jpg','localUploadDirver',1587700888),(27,'8aac1999510bae8b06d39eacb294743f.jpg',171277,'jpg','image/jpeg','c1f491303bc71ce3a420fc5b7ec5cc22','a3d56cdca4aa179edb732ed17014db2bc6ebcd3c','/uploads/api/System/upload/20200424/8aac1999510bae8b06d39eacb294743f.jpg','localUploadDirver',1587700889),(28,'39de1f3959cf33e17064a6a44c9b1563.jpg',258517,'jpg','image/jpeg','b8fe3edbd9c38d4fd3dd07aae23e5fab','626640439fea1b6f6597602d0da0c218e4e151d9','/uploads/api/System/upload/20200424/39de1f3959cf33e17064a6a44c9b1563.jpg','localUploadDirver',1587718466),(29,'968ef3a7968ce2c6c48d7c53ea97885d.jpg',239657,'jpg','image/jpeg','39be942b96b062b5d3623eed8851b053','070cc5aa444d2b360dad59b25862ab8c6f65ef88','/uploads/api/System/upload/20200425/968ef3a7968ce2c6c48d7c53ea97885d.jpg','localUploadDirver',1587827425),(30,'5307896a847e9af4fa85ceace14a0d04.jpg',141294,'jpg','image/jpeg','daa47464765f46fe627ba22e6aa47636','50f2f6c0f92ec7fe790e259183528df150369655','/uploads/api/System/upload/20200425/5307896a847e9af4fa85ceace14a0d04.jpg','localUploadDirver',1587828405),(31,'4913fac8ac19d6462f55f968d5688d5c.jpg',25296,'jpg','image/jpeg','5aa7f57306f2b50d91f4451fb13d4f5f','a614634789d8b45b35b0a6b036ffe7e6ded78ab5','/uploads/api/System/upload/20200425/4913fac8ac19d6462f55f968d5688d5c.jpg','localUploadDirver',1587828415),(32,'2f97f754866c1fac63d4953be06c6527.jpg',96639,'jpg','image/jpeg','d53c383b24f44ce09eec28dcdc33cff7','11aaefa2621a368490cb1469776d4ed50e4777a2','/uploads/api/System/upload/20200426/2f97f754866c1fac63d4953be06c6527.jpg','localUploadDirver',1587881710),(33,'6dcb85ce01a64da272a82989fcecf8bd.jpg',1779,'jpg','image/jpeg','70ed059b84725a6063d8cdec2095926f','f17bedaa01f42abe90ddb6c1b72e034ef05ab78d','/uploads/api/System/upload/20200426/6dcb85ce01a64da272a82989fcecf8bd.jpg','localUploadDirver',1587893419),(34,'d59d099abb9d2d21d824cda04a686a92.jpg',1885,'jpg','image/jpeg','25328a27f38762174d0648c8e7c5d348','67bc9b5556afadaec1322b652716aa023d651d3e','/uploads/api/System/upload/20200427/d59d099abb9d2d21d824cda04a686a92.jpg','localUploadDirver',1587949459),(35,'881b2909a726f03d0b141f8e62462379.jpg',1885,'jpg','image/jpeg','e5fc571e607efea011690b6e4932c6a4','15237c163fc86e21ab5fb20dea8a77653438f494','/uploads/api/System/upload/20200427/881b2909a726f03d0b141f8e62462379.jpg','localUploadDirver',1587949859),(36,'31e8e68a9d50b6352ea20e59f9f85899.jpg',297339,'jpg','image/jpeg','2a85aa34348e17e408b1e40c5ae09194','bfd2f5c35b203181b0b21ee4c5e95aa6fa812d8a','/uploads/api/System/upload/20200427/31e8e68a9d50b6352ea20e59f9f85899.jpg','localUploadDirver',1587954064),(37,'2c84d749abffc762159aa302b07d619f.jpg',158778,'jpg','image/jpeg','c42e4c4636385f3c762cf3443fa1c2c3','5e0e4a0fcde798c0a49eaaefe7f99705ec8db118','/uploads/admin/Upload/upload/20200427/2c84d749abffc762159aa302b07d619f.jpg','localUploadDirver',1587954843),(38,'f954584846fcc9eb717f0483ce99e235.jpg',111021,'jpg','image/jpeg','5e918721bea593dfd143e9219c3aaf10','47417ab8d0509304112816750f06f46e3bacbc1b','/uploads/api/System/upload/20200427/f954584846fcc9eb717f0483ce99e235.jpg','localUploadDirver',1587959246),(39,'1d8eb1df691ea4a7009d6982b0dee829.jpg',33248,'jpg','image/jpeg','ece25003aa32c06fc5227678ff120141','683e108de54b265fa2b86a6296c4f5436c5276eb','/uploads/api/System/upload/20200427/1d8eb1df691ea4a7009d6982b0dee829.jpg','localUploadDirver',1587959653),(40,'8a92fcfd47c5921b25231d9ce4b580df.jpg',36909,'jpg','image/jpeg','7ae2a28dc997cdb58bc3f95f1505612c','784ddf2f40f90eeb347f6abc3e0635ec8f5ba518','/uploads/api/System/upload/20200427/8a92fcfd47c5921b25231d9ce4b580df.jpg','localUploadDirver',1587959660),(41,'79c2dbbbd75228acc18d858c29a13b5f.jpg',40429,'jpg','image/jpeg','4736e8fd8023f5660073863dc6cb4d34','350f0930c1c2cd74f665246328f075dd5db2dc40','/uploads/api/System/upload/20200427/79c2dbbbd75228acc18d858c29a13b5f.jpg','localUploadDirver',1587959664),(42,'63a2b11a15a260fd360a4fce8641a947.jpg',84148,'jpg','image/jpeg','3fbd84dd56238f2bf403e388958ef6f4','37ca8640a19c3248c6a30b84d521e266e6728d79','/uploads/api/System/upload/20200427/63a2b11a15a260fd360a4fce8641a947.jpg','localUploadDirver',1587968891),(43,'deca35a31264503a4ca4c468bc261b2f.jpg',80351,'jpg','image/jpeg','e30e1650bee2e054aaa1b0a8360a9409','1ee520a39f70dcc935a5bda89f5bdfebc63080f9','/uploads/api/System/upload/20200427/deca35a31264503a4ca4c468bc261b2f.jpg','localUploadDirver',1587968891),(44,'1801816f54d1f953cad4d8d1ad1632cf.jpg',139784,'jpg','image/jpeg','912e296dc6d3a69f2c6ef86049a71295','4bfbded6343fa784fe25867bd0cf4830a7701cf6','/uploads/api/System/upload/20200427/1801816f54d1f953cad4d8d1ad1632cf.jpg','localUploadDirver',1587971248),(45,'d23ef05d2d620f29773d04b69fab83a7.jpg',265281,'jpg','image/jpeg','9ef765b7aca3b3ae7c8513996c215726','cdd5f9a16cdbe86b5e8b87130e6e947a7f6e1099','/uploads/api/System/upload/20200427/d23ef05d2d620f29773d04b69fab83a7.jpg','localUploadDirver',1587978334),(46,'654187f164dbebed63b857754bd7cb47.jpg',97024,'jpg','image/jpeg','2c08a81213c7c5beb58a05ae253fb143','1db074bac9d5270d5375fa26d7758a50c554a238','/uploads/api/System/upload/20200427/654187f164dbebed63b857754bd7cb47.jpg','localUploadDirver',1587979593),(47,'37f819573f9e0fb4ed9a1816734bf439.jpg',144875,'jpg','image/jpeg','616c173dc40f2c1de67f5f4adddf7e8d','9da0cfbbffe2ea8262ddc01cbf68b195513786fe','/uploads/api/System/upload/20200427/37f819573f9e0fb4ed9a1816734bf439.jpg','localUploadDirver',1587979593),(48,'bffaa91d2f159d0d7da912d9363d085c.jpg',145289,'jpg','image/jpeg','f683e75d920488187ed70f3895d829f1','67ef2df9e72d4a63cb1b8ed4735b23210d9b0084','/uploads/api/System/upload/20200427/bffaa91d2f159d0d7da912d9363d085c.jpg','localUploadDirver',1587979593),(49,'1e1390d03691635db8b2054e2997d5c3.jpg',386803,'jpg','image/jpeg','dad44cf487dbeee8dfc2ca5551df3f18','20e10d19084bd8de429cd9c038e9d49b3c9e0ca3','/uploads/api/System/upload/20200427/1e1390d03691635db8b2054e2997d5c3.jpg','localUploadDirver',1587980432),(50,'fc7dfb481859032a257bffade0822a40.jpg',329392,'jpg','image/jpeg','e581df1651a9da756afa162bc400c865','db2f67a550978bbb00d83742ac682117b17f5f8c','/uploads/api/System/upload/20200427/fc7dfb481859032a257bffade0822a40.jpg','localUploadDirver',1587980432),(51,'ac7a1359553ffa8a65b0fcdca2b26ae1.jpg',415456,'jpg','image/jpeg','20ff39c6cea8bc811fed34ff9e3c306a','79b0fd678f96c5d26efc3501a2cb11ab743b19cc','/uploads/api/System/upload/20200427/ac7a1359553ffa8a65b0fcdca2b26ae1.jpg','localUploadDirver',1587980432),(52,'a169993dab2adb794f6177919a019730.jpg',172410,'jpg','image/jpeg','11fb698129fec38a9b503230c2cc8a1e','134d1a8803d06fcc73e2d24ececf736958f92316','/uploads/api/System/upload/20200427/a169993dab2adb794f6177919a019730.jpg','localUploadDirver',1587980537),(53,'1205e1c99219ea9892f0744f79ed6c58.jpg',169130,'jpg','image/jpeg','77d38620df2447eea27fbcd799114591','fe1406d9ae1f394845bcf73f022dad927ce5673b','/uploads/api/System/upload/20200427/1205e1c99219ea9892f0744f79ed6c58.jpg','localUploadDirver',1587980537),(54,'c90bc0ac50ecc46015ba9e2b6914285b.jpg',1252604,'jpg','image/jpeg','9d0bf17280dd9de115816441debe5609','94bb987db8bf63ce057cd2b0a692118c2f417765','/uploads/api/System/upload/20200427/c90bc0ac50ecc46015ba9e2b6914285b.jpg','localUploadDirver',1587981443),(55,'c065fd8aad5472d115ebc5237e23d64b.jpg',1740422,'jpg','image/jpeg','429828865d5f8dfb1b42ee2055c4e2bc','776b1e505ece7a1f37e7c170661233a9d212ba07','/uploads/api/System/upload/20200427/c065fd8aad5472d115ebc5237e23d64b.jpg','localUploadDirver',1587981443),(56,'026651bdbe8b976b73b968178957f701.jpg',1923443,'jpg','image/jpeg','18c584e13c4c6212b7d1efe948273b1d','8c48ba428b0ab56a8bc1f49d75c498a27040667b','/uploads/api/System/upload/20200427/026651bdbe8b976b73b968178957f701.jpg','localUploadDirver',1587981443),(57,'5495892e197d3d3dbf5c1d7ea58bab58.jpg',3657180,'jpg','image/jpeg','27ade6cd2bbe563b998f9fd3655b42bb','11c7060f8803d8d9c2e070b7b114d6dab42b4495','/uploads/admin/Upload/upload/20200427/5495892e197d3d3dbf5c1d7ea58bab58.jpg','localUploadDirver',1587983274),(58,'7441eda9e739b657b388426a8f54d7c7.jpg',78380,'jpg','image/jpeg','3f4543090a0f08e69efd15ba8eb1ae23','9ab798b0a0065d6df5f2cbcb26f4bc241c20a40e','/uploads/admin/Upload/upload/20200427/7441eda9e739b657b388426a8f54d7c7.jpg','localUploadDirver',1587983297),(59,'d452e5d8938a5299b79d693a8b914c6c.jpg',267526,'jpg','image/jpeg','bcbf8e2dd9916128a20d4edd407b891a','cfa98d6bc5abdfc8c76b37beeefadfd23941ff19','/uploads/admin/Upload/upload/20200427/d452e5d8938a5299b79d693a8b914c6c.jpg','localUploadDirver',1587983304),(60,'d9c23466ce06769f96a2dc31ddc88c09.jpg',288402,'jpg','image/jpeg','8887a298ae739ca14bfbe3b28e024154','4223ce0a1b7490d9e97757f391b0cd475a94c548','/uploads/admin/Upload/upload/20200427/d9c23466ce06769f96a2dc31ddc88c09.jpg','localUploadDirver',1587983795),(61,'8e6a1b811f7691d41c2c2a2a77dacb36.jpg',179795,'jpg','image/jpeg','b2929d80c02871e027be598ceb0af0f5','d19c63fd015504da96b3322e5443c4fd74760680','/uploads/admin/Upload/upload/20200428/8e6a1b811f7691d41c2c2a2a77dacb36.jpg','localUploadDirver',1588039355),(62,'3fc1ec013cf02b60e8d946b1afe65b4f.jpg',2166448,'jpg','image/jpeg','0ec5cc695eee6d3310c5dfbc7f1fea76','00703c5dde74cda2bb72f9617ca08d84944e7b57','/uploads/api/System/upload/20200428/3fc1ec013cf02b60e8d946b1afe65b4f.jpg','localUploadDirver',1588041154),(63,'03c73024c97c12a82c7fecfffd22889e.jpg',1930129,'jpg','image/jpeg','96209b4fd2cd6ec7cbd4482323667a74','b0a147b42a58b345cde651a19442ce0be5c89809','/uploads/api/System/upload/20200428/03c73024c97c12a82c7fecfffd22889e.jpg','localUploadDirver',1588041154),(64,'058ac10b3a10d14ec25d8a28ab9f9208.jpg',1913082,'jpg','image/jpeg','06361ff1729ce043c8f8c4ed4b642c0c','4c7b508dfa232942be5d15859c1051ca0b57d70a','/uploads/api/System/upload/20200428/058ac10b3a10d14ec25d8a28ab9f9208.jpg','localUploadDirver',1588041154),(65,'f91b62df0420eae42a5e918c7ee2b650.jpg',11235189,'jpg','image/jpeg','5c7d90ca11ad838cdca0ace8f48211ff','01b94b791e49c5b28ad30bcc23d98268607feaac','/uploads/admin/Upload/upload/20200428/f91b62df0420eae42a5e918c7ee2b650.jpg','localUploadDirver',1588041894),(66,'d89c9fc136d6e5c7aa592e586cf33929.jpg',2339185,'jpg','image/jpeg','0684a38fdd406b2741f08bd842b84d36','cbeaf994a1bb05c136f0c2d3bea3729ca97a354c','/uploads/api/System/upload/20200428/d89c9fc136d6e5c7aa592e586cf33929.jpg','localUploadDirver',1588042252),(67,'a03861aaf5806558bcfdbb97853ce2b7.jpg',2608586,'jpg','image/jpeg','2074258e95bf0e4c2d24a12129efdac1','5f830bab4f783cacb529c915d8b5786f17b0935c','/uploads/api/System/upload/20200428/a03861aaf5806558bcfdbb97853ce2b7.jpg','localUploadDirver',1588042252),(68,'c5542bf42f836b95488184e24637f54b.jpg',2685915,'jpg','image/jpeg','3cbf536b1e86ab84ed5885d029568dc4','26553828ab9b1031d2a76834baf6f2e3290506ce','/uploads/api/System/upload/20200428/c5542bf42f836b95488184e24637f54b.jpg','localUploadDirver',1588042252),(69,'942df4c5e557b286df3ec9c7d5a6b89c.jpg',86607,'jpg','image/jpeg','2ccd8bb567a66266849f2f6898d6f063','c4682e95cbef6380ac9e99b82fce44eb826d7bd0','/uploads/api/System/upload/20200428/942df4c5e557b286df3ec9c7d5a6b89c.jpg','localUploadDirver',1588043303),(70,'c709c4b19b7e1e368732ecc5e7435442.jpg',125205,'jpg','image/jpeg','af9450e17442103abab863d046a1b93c','e4597e6441ddbff997663778bd4810f6113d3e4d','/uploads/api/System/upload/20200428/c709c4b19b7e1e368732ecc5e7435442.jpg','localUploadDirver',1588043303),(71,'5574ff06cba30d32ba3973327c292fa8.jpg',24596,'jpg','image/jpeg','06f3257445854ef991e4b06d3e3d9738','d018cb04051c051e2c4d8bd3da8e982fa18938ee','/uploads/api/System/upload/20200428/5574ff06cba30d32ba3973327c292fa8.jpg','localUploadDirver',1588046747),(72,'d6a8e3f00e59c6864c652567a3e52cce.jpg',26620,'jpg','image/jpeg','1f228e9407e19a036c48350eb4f645c1','4d6f2faa0726ffaaec0d43cd1649f032384fcdc1','/uploads/api/System/upload/20200428/d6a8e3f00e59c6864c652567a3e52cce.jpg','localUploadDirver',1588046747),(73,'24e519bda8e8da02b9054f0c0c4d1841.jpg',34292,'jpg','image/jpeg','ef39a7135cbae2b776ed6d178baf0d8e','f459be50abdff13c3123718b087db21d2309d9f4','/uploads/api/System/upload/20200428/24e519bda8e8da02b9054f0c0c4d1841.jpg','localUploadDirver',1588064392),(74,'bf8cd634af0ccb6b791dace7c83b6951.jpg',105053,'jpg','image/jpeg','75ff5b1308e55bd2815ff8cb3be5cf8c','e569a2bd7659aca2961af57c1848bbe3c9aa29d5','/uploads/api/System/upload/20200429/bf8cd634af0ccb6b791dace7c83b6951.jpg','localUploadDirver',1588141647);

#
# Structure for table "system_guestbook"
#

DROP TABLE IF EXISTS `system_guestbook`;
CREATE TABLE `system_guestbook` (
  `id` int(11) NOT NULL AUTO_INCREMENT,
  `type` tinyint(3) NOT NULL DEFAULT '0' COMMENT '分类',
  `user_id` int(11) NOT NULL DEFAULT '0' COMMENT '用户id',
  `title` varchar(255) NOT NULL DEFAULT '' COMMENT '标题',
  `content` text COMMENT '内容',
  `mobile` varchar(20) NOT NULL DEFAULT '' COMMENT '手机号',
  `email` varchar(100) NOT NULL DEFAULT '' COMMENT '邮箱',
  `create_time` int(11) NOT NULL DEFAULT '0' COMMENT '创建时间',
  `update_time` int(11) NOT NULL DEFAULT '0' COMMENT '更新时间',
  `status` tinyint(3) NOT NULL DEFAULT '0' COMMENT '状态：1已处理0未处理',
  PRIMARY KEY (`id`)
) ENGINE=InnoDB DEFAULT CHARSET=utf8 COMMENT='系统留言板，意见，建议等';

#
# Data for table "system_guestbook"
#

INSERT INTO `system_guestbook` VALUES (1,2,0,'','你好','','',1587981362,1587981362,1),(2,2,0,'','你好','','',1587982881,1587982881,0),(3,2,0,'','12345','','',1587983523,1587983523,0),(4,1,0,'','我要找房子','18697941993','',1587984014,1587984014,0);

#
# Structure for table "system_verify_code"
#

DROP TABLE IF EXISTS `system_verify_code`;
CREATE TABLE `system_verify_code` (
  `id` int(11) NOT NULL AUTO_INCREMENT,
  `mobile` varchar(15) NOT NULL DEFAULT '' COMMENT '手机号',
  `m_code` varchar(15) NOT NULL DEFAULT '' COMMENT '手机验证码',
  `send_times` smallint(6) NOT NULL DEFAULT '0' COMMENT '当日发送次数',
  `create_time` int(11) NOT NULL DEFAULT '0' COMMENT '发送时间',
  `expire_time` int(11) NOT NULL DEFAULT '0' COMMENT '过期时间',
  `status` tinyint(3) NOT NULL DEFAULT '0' COMMENT '状态:1已使用0未使用',
  PRIMARY KEY (`id`),
  UNIQUE KEY `mobile` (`mobile`) COMMENT '一个手机号只有一条记录'
) ENGINE=InnoDB DEFAULT CHARSET=utf8 COMMENT='系统短信验证码';

#
# Data for table "system_verify_code"
#

INSERT INTO `system_verify_code` VALUES (1,'17623431248','2121',1,1587955257,1587956157,1),(2,'18223239699','8218',1,1587955321,1587956221,1),(3,'18607898021','6195',1,1587980407,1587981307,1),(4,'18697941993','0872',1,1587980435,1587981335,1),(5,'15922862986','2445',1,1588037402,1588038302,1),(6,'18176258989','0832',2,1588040620,1588041520,1);

#
# Structure for table "user"
#

DROP TABLE IF EXISTS `user`;
CREATE TABLE `user` (
  `id` int(11) NOT NULL AUTO_INCREMENT,
  `username` varchar(32) DEFAULT NULL COMMENT '用户名',
  `password` varchar(32) NOT NULL DEFAULT '' COMMENT '密码',
  `wxapp_openid` varchar(100) DEFAULT NULL COMMENT '微信小程序openid',
  `wx_openid` varchar(100) DEFAULT NULL COMMENT '微信三方登陆openid',
  `qq_openid` varchar(100) DEFAULT NULL COMMENT 'qq三方登陆openid',
  `nickname` varchar(50) NOT NULL DEFAULT '' COMMENT '系统昵称',
  `wx_nickname` varchar(30) NOT NULL DEFAULT '' COMMENT '微信昵称',
  `qq_nickname` varchar(30) NOT NULL DEFAULT '' COMMENT 'qq昵称',
  `salt` varchar(30) NOT NULL DEFAULT '' COMMENT '密码盐',
  `email` varchar(100) NOT NULL DEFAULT '' COMMENT '邮箱',
  `mobile` varchar(20) DEFAULT NULL COMMENT '手机号',
  `avatar` int(11) NOT NULL DEFAULT '0' COMMENT '系统头像',
  `wx_avatar` varchar(255) NOT NULL DEFAULT '' COMMENT '微信头像',
  `qq_avatar` varchar(255) NOT NULL DEFAULT '' COMMENT 'qq头像',
  `level` tinyint(3) NOT NULL DEFAULT '0' COMMENT '等级',
  `gender` tinyint(3) NOT NULL DEFAULT '0' COMMENT '性别：1男0女',
  `birthday` int(11) NOT NULL DEFAULT '0' COMMENT '生日',
  `balance` decimal(10,2) NOT NULL DEFAULT '0.00' COMMENT '余额',
  `score` int(11) NOT NULL DEFAULT '0' COMMENT '积分',
  `register_time` int(11) NOT NULL DEFAULT '0' COMMENT '注册时间',
  `register_ip` varchar(50) NOT NULL DEFAULT '' COMMENT '注册ip',
  `last_login_time` int(11) NOT NULL DEFAULT '0' COMMENT '最近登录时间',
  `last_login_ip` varchar(50) NOT NULL DEFAULT '' COMMENT '最近登陆ip',
  `login_times` int(11) NOT NULL DEFAULT '0' COMMENT '登陆次数',
  `status` tinyint(3) NOT NULL DEFAULT '1' COMMENT '状态：1正常0异常',
  PRIMARY KEY (`id`),
  UNIQUE KEY `username` (`username`) COMMENT '用户名唯一',
  UNIQUE KEY `mobile` (`mobile`) COMMENT '手机号唯一'
) ENGINE=InnoDB DEFAULT CHARSET=utf8 COMMENT='用户';

#
# Data for table "user"
#

INSERT INTO `user` VALUES (1,NULL,'','oLcvI5fjRfM0hXd4kgjD3DjZ_i5Q',NULL,NULL,'系统分配昵称','蒋颖昕','','','','17623431248',0,'https://wx.qlogo.cn/mmopen/vi_32/mLicmOOngibBtib7iaDMniaNsrfmflXajqQI7X5KicvPM8TNdyjN7iaKLucYF2aicBg7517ciaf1szMnY786tWDCVOrmUGA/132','',0,0,0,0.00,0,1587955303,'183.67.48.113',1588070444,'123.147.246.73',4,1),(2,NULL,'','oLcvI5d3iUCVdb05AwP2Y1EKVrBQ',NULL,NULL,'系统分配昵称','tyong','','','','18223239699',0,'https://wx.qlogo.cn/mmopen/vi_32/9mRf3ahVdmA0LTfnBveqNaIlcQJfztfMKz0ibu9VC5Nk3HDje2yS02qjgib9rjicibDWgdNXRMlzUh5cKe3WcyA4pw/132','',0,0,0,0.00,0,1587955380,'183.67.48.113',1587959642,'183.67.48.113',1,1),(3,NULL,'','oLcvI5aaejpXF8AAtI5MA_lvYHBw',NULL,NULL,'系统分配昵称','卢 广','','','','18607898021',0,'https://wx.qlogo.cn/mmopen/vi_32/G2hKWVwthOHxAdDAgVQN9JTFUbSlRHUWHx02p1UiaRxfq0liaWzedzIUXpT177ic5Zlo2baxiby5rM6iccVHt3Qx55Q/132','',0,0,0,0.00,0,1587980415,'124.227.241.64',0,'',0,1),(4,NULL,'','oLcvI5ejNn9p5sWDfYzGnnj7TZGQ',NULL,NULL,'系统分配昵称','杨双源','','','','18697941993',0,'https://wx.qlogo.cn/mmopen/vi_32/ia5kYEqtv3nsv9U0ZJRz42aib8HTEDibRWfplQphYwl9E9jlhK4nrUy8smYE58G4dq9ypiay0YfbiaTCAX9qdxQU3Yw/132','',0,0,0,0.00,0,1587980444,'124.227.241.64',0,'',0,1),(5,NULL,'','oLcvI5ZbkAjGxJalsS3tWIAF2KMo',NULL,NULL,'jy_247939','一口猫','','','','15922862986',0,'https://wx.qlogo.cn/mmopen/vi_32/BTKhC5kVv1qEFSQnP02jVIshYmkgoYapQcelDqiabBzsSkefeHXxzCyA1ucm8OTVdXMOeV97bcXe9ibyLfE07zOg/132','',0,0,0,0.00,0,1588037415,'183.67.49.155',0,'',0,1),(6,NULL,'','oLcvI5b807kY60vwFV-grBeCk2sM',NULL,NULL,'jy_085781','合作共赢','','','','18176258989',0,'https://wx.qlogo.cn/mmopen/vi_32/eiapvzPCRoO32ow4Hjiavxw00eCO0Wga6tATyHR4JicJLsh9WbcHcyeyk12aJX4nVdRzuOs0IMrBvJibpbtJov2GGw/132','',0,0,0,0.00,0,1588040634,'124.227.241.64',0,'',0,1);

#
# Structure for table "user_banlance_recode"
#

DROP TABLE IF EXISTS `user_banlance_recode`;
CREATE TABLE `user_banlance_recode` (
  `id` int(11) NOT NULL AUTO_INCREMENT,
  `user_id` int(11) NOT NULL DEFAULT '0' COMMENT '用户id',
  `source` varchar(60) NOT NULL DEFAULT '' COMMENT '记录来源,分类',
  `order_id` int(11) NOT NULL DEFAULT '0' COMMENT '订单id',
  `amount` int(11) NOT NULL DEFAULT '0' COMMENT '金额',
  `trend` tinyint(3) NOT NULL DEFAULT '1' COMMENT '余额动向:1收入0支出',
  `title` varchar(100) NOT NULL DEFAULT '' COMMENT '标题',
  `describe` varchar(255) NOT NULL DEFAULT '' COMMENT '描述',
  `create_time` int(11) NOT NULL DEFAULT '0',
  `update_time` int(11) NOT NULL DEFAULT '0',
  `status` tinyint(3) NOT NULL DEFAULT '0' COMMENT '状态:1有效0无效',
  PRIMARY KEY (`id`)
) ENGINE=InnoDB DEFAULT CHARSET=utf8 COMMENT='用户余额记录';

#
# Data for table "user_banlance_recode"
#


#
# Structure for table "user_browse_record"
#

DROP TABLE IF EXISTS `user_browse_record`;
CREATE TABLE `user_browse_record` (
  `id` int(11) NOT NULL AUTO_INCREMENT,
  `user_id` int(11) NOT NULL DEFAULT '0' COMMENT '用户id',
  `source` varchar(60) NOT NULL DEFAULT '' COMMENT '浏览数据来源,分类',
  `record_id` int(11) NOT NULL DEFAULT '0' COMMENT '浏览记录的id',
  `status` tinyint(3) NOT NULL DEFAULT '0' COMMENT '状态:1有效0无效',
  `create_time` int(11) NOT NULL DEFAULT '0',
  `update_time` int(11) NOT NULL DEFAULT '0',
  PRIMARY KEY (`id`)
) ENGINE=InnoDB DEFAULT CHARSET=utf8 COMMENT='用户浏览记录';

#
# Data for table "user_browse_record"
#

INSERT INTO `user_browse_record` VALUES (1,2,'sshouse',1,1,1587962538,1588143657),(2,1,'sshouse',1,1,1587967172,1588069303),(3,1,'sshouse',7,1,1587972072,1588132931),(4,2,'sshouse',7,1,1587977269,1588141774),(5,3,'sshouse',1,1,1587980767,1588069219),(6,3,'sshouse',7,1,1587980783,1588056059),(7,4,'sshouse',1,1,1587980793,1587984186),(8,4,'sshouse',7,1,1587981062,1587982934),(9,5,'sshouse',7,1,1588037518,1588037518),(10,2,'sshouse',9,1,1588038010,1588038010),(11,3,'sshouse',11,1,1588038962,1588038962),(12,6,'sshouse',7,1,1588040638,1588141685),(13,6,'sshouse',1,1,1588040712,1588141682),(14,6,'sshouse',12,1,1588042802,1588141978),(15,3,'sshouse',12,1,1588042976,1588141076),(16,1,'sshouse',12,1,1588043137,1588069299),(17,1,'sshouse',15,1,1588066793,1588127102),(18,2,'sshouse',15,1,1588070474,1588072212),(19,2,'sshouse',12,1,1588072706,1588141786),(20,2,'sshouse',17,1,1588132333,1588153680),(21,3,'sshouse',17,1,1588141071,1588141071),(22,6,'sshouse',17,1,1588141688,1588141697),(23,3,'sshouse',18,1,1588142912,1588142912),(24,3,'sshouse',20,1,1588142920,1588142920),(25,6,'sshouse',20,1,1588142930,1588144450);

#
# Structure for table "user_cash_record"
#

DROP TABLE IF EXISTS `user_cash_record`;
CREATE TABLE `user_cash_record` (
  `id` int(11) NOT NULL AUTO_INCREMENT,
  `user_id` int(11) NOT NULL DEFAULT '0' COMMENT '用户id',
  `source` varchar(60) NOT NULL DEFAULT '' COMMENT '记录来源,分类',
  `order_id` int(11) NOT NULL DEFAULT '0' COMMENT '订单id',
  `amount` decimal(10,2) NOT NULL DEFAULT '0.00' COMMENT '金额',
  `pay_type` tinyint(3) NOT NULL DEFAULT '1' COMMENT '交易方式:1微信2支付宝',
  `trend` tinyint(3) NOT NULL DEFAULT '0' COMMENT '动向:1收入,0支出',
  `title` varchar(100) NOT NULL DEFAULT '' COMMENT '标题',
  `describe` varchar(255) NOT NULL DEFAULT '' COMMENT '描述',
  `create_time` int(11) NOT NULL DEFAULT '0',
  `update_time` int(11) NOT NULL DEFAULT '0',
  `status` tinyint(3) NOT NULL DEFAULT '1' COMMENT '状态:1有效0无效',
  PRIMARY KEY (`id`)
) ENGINE=InnoDB DEFAULT CHARSET=utf8 COMMENT='用户现金交易记录';

#
# Data for table "user_cash_record"
#

INSERT INTO `user_cash_record` VALUES (1,1,'agent_escort',1,0.01,1,0,'购买经纪人陪同服务成功,付款0.01元','',1587972225,1587972225,1),(2,2,'agent_escort',4,0.01,1,0,'购买经纪人陪同服务成功,付款0.01元','',1587977360,1587977360,1),(3,2,'vip_privilege',0,0.01,1,0,'购买vip特权成功,付款0.01元','',1587977912,1587977912,1),(4,3,'vip_privilege',0,0.01,1,0,'购买vip特权成功,付款0.01元','',1587980813,1587980813,1),(5,4,'vip_privilege',0,0.01,1,0,'购买vip特权成功,付款0.01元','',1587980930,1587980930,1),(6,3,'agent_escort',6,0.01,1,0,'购买经纪人陪同服务成功,付款0.01元','',1587980995,1587980995,1),(7,4,'agent_escort',5,0.01,1,0,'购买经纪人陪同服务成功,付款0.01元','',1587980996,1587980996,1),(8,4,'agent_escort',10,0.01,1,0,'购买经纪人陪同服务成功,付款0.01元','',1587981069,1587981069,1),(9,4,'agent_escort',11,0.01,1,0,'购买经纪人陪同服务成功,付款0.01元','',1587984056,1587984056,1),(10,3,'agent_escort',12,0.01,1,0,'购买经纪人陪同服务成功,付款0.01元','',1587984157,1587984157,1),(11,3,'agent_escort',13,0.01,1,0,'购买经纪人陪同服务成功,付款0.01元','',1587988481,1587988481,1),(12,6,'agent_escort',14,0.01,1,0,'购买经纪人陪同服务成功,付款0.01元','',1588040721,1588040721,1),(13,3,'agent_escort',16,20.00,1,0,'购买经纪人陪同服务成功,付款20.00元','',1588043104,1588043104,1),(14,2,'agent_escort',22,0.02,1,0,'购买经纪人陪同服务成功,付款0.02元','',1588057682,1588057682,1),(15,2,'agent_escort',24,0.02,1,0,'购买经纪人陪同服务成功,付款0.02元','',1588141562,1588141562,1),(16,6,'agent_escort',25,0.02,1,0,'购买经纪人陪同服务成功,付款0.02元','',1588144460,1588144460,1);

#
# Structure for table "user_collection_record"
#

DROP TABLE IF EXISTS `user_collection_record`;
CREATE TABLE `user_collection_record` (
  `id` int(11) NOT NULL AUTO_INCREMENT,
  `user_id` int(11) NOT NULL DEFAULT '0' COMMENT '用户id',
  `source` varchar(60) NOT NULL DEFAULT '' COMMENT '收藏数据来源,分类',
  `record_id` int(11) NOT NULL DEFAULT '0' COMMENT '收藏记录的id',
  `status` tinyint(3) NOT NULL DEFAULT '0' COMMENT '状态:1有效0无效',
  `create_time` int(11) NOT NULL DEFAULT '0',
  `update_time` int(11) NOT NULL DEFAULT '0',
  PRIMARY KEY (`id`)
) ENGINE=InnoDB DEFAULT CHARSET=utf8 COMMENT='用户收藏记录';

#
# Data for table "user_collection_record"
#

INSERT INTO `user_collection_record` VALUES (1,1,'sshouse',1,0,1587976774,1587976776),(2,2,'sshouse',1,1,1587967652,1587967652),(3,1,'sshouse',7,0,1587972153,1588054081),(4,1,'sshouse',7,0,1587972150,1588054081),(5,4,'sshouse',7,1,1587981961,1587981961),(6,3,'sshouse',1,1,1587982202,1587982202),(7,3,'sshouse',7,1,1587988456,1587988456),(8,3,'sshouse',12,1,1588043009,1588043009),(9,2,'sshouse',15,1,1588072213,1588072213);

#
# Structure for table "user_site_message"
#

DROP TABLE IF EXISTS `user_site_message`;
CREATE TABLE `user_site_message` (
  `id` int(11) NOT NULL AUTO_INCREMENT,
  `user_id` int(11) NOT NULL DEFAULT '0' COMMENT '用户id',
  `source` varchar(60) NOT NULL DEFAULT '' COMMENT '消息来源,分类',
  `title` varchar(100) NOT NULL DEFAULT '' COMMENT '标题',
  `content` text NOT NULL COMMENT '内容',
  `create_time` int(11) NOT NULL DEFAULT '0',
  `status` tinyint(3) NOT NULL DEFAULT '0' COMMENT '状态:0未读,1已读',
  PRIMARY KEY (`id`)
) ENGINE=InnoDB DEFAULT CHARSET=utf8 COMMENT='用户站内信提醒';

#
# Data for table "user_site_message"
#

INSERT INTO `user_site_message` VALUES (1,2,'shhouse_check_pass','您发布的编号:A48hQ31587959647的房源已通过平台审核','您发布的编号:A48hQ31587959647的房源已通过平台审核,您可以上架您的房源在平台展示了',1587960786,1),(2,2,'shhouse_check_pass','您发布的编号:e65Y0f1587968075的房源已通过平台审核','您发布的编号:e65Y0f1587968075的房源已通过平台审核,您可以上架您的房源在平台展示了',1587968317,1),(3,2,'shhouse_check_pass','您发布的编号:QSalua1587968484的房源已通过平台审核','您发布的编号:QSalua1587968484的房源已通过平台审核,您可以上架您的房源在平台展示了',1587968599,1),(4,1,'shhouse_check_pass','您发布的编号:31dVg21587968787的房源已通过平台审核','您发布的编号:31dVg21587968787的房源已通过平台审核,您可以上架您的房源在平台展示了',1587969400,1),(5,2,'shhouse_check_pass','您发布的编号:3RhmG41587969180的房源已通过平台审核','您发布的编号:3RhmG41587969180的房源已通过平台审核,您可以上架您的房源在平台展示了',1587969546,1),(6,1,'shhouse_check_pass','您发布的编号:rPhjXA1587971143的房源已通过平台审核','您发布的编号:rPhjXA1587971143的房源已通过平台审核,您可以上架您的房源在平台展示了',1587971944,1),(7,3,'escort_order_pass','您的预约订单经纪人已同意','您的预约订单经纪人已同意',1587982722,0),(8,4,'shhouse_check_pass','您发布的编号:UziQt81587980450的房源已通过平台审核','您发布的编号:UziQt81587980450的房源已通过平台审核,您可以上架您的房源在平台展示了',1587983695,0),(9,2,'shhouse_soon_down','房源即将下架通知','您发布的编号:3RhmG41587969180的房源将在2020-04-30 00:00下架,如果要继续展示该房源请下架后重新上架',1587986593,1),(10,2,'shhouse_soon_down','房源即将下架通知','您发布的编号:3RhmG41587969180的房源将在2020-04-30 00:00下架,如果要继续展示该房源请下架后重新上架',1587986593,1),(11,2,'shhouse_soon_down','房源即将下架通知','您发布的编号:3RhmG41587969180的房源将在2020-04-30 00:00下架,如果要继续展示该房源请下架后重新上架',1587986593,1),(12,2,'shhouse_soon_down','房源即将下架通知','您发布的编号:3RhmG41587969180的房源将在2020-04-30 00:00下架,如果要继续展示该房源请下架后重新上架',1587986596,1),(13,2,'shhouse_soon_down','房源即将下架通知','您发布的编号:3RhmG41587969180的房源将在2020-04-30 00:00下架,如果要继续展示该房源请下架后重新上架',1587986597,1),(14,2,'shhouse_soon_down','房源即将下架通知','您发布的编号:3RhmG41587969180的房源将在2020-04-30 00:00下架,如果要继续展示该房源请下架后重新上架',1587986622,1),(15,2,'shhouse_soon_down','房源即将下架通知','您发布的编号:3RhmG41587969180的房源将在2020-04-30 00:00下架,如果要继续展示该房源请下架后重新上架',1587986623,1),(16,2,'shhouse_soon_down','房源即将下架通知','您发布的编号:3RhmG41587969180的房源将在2020-04-30 00:00下架,如果要继续展示该房源请下架后重新上架',1587986629,1),(17,3,'shhouse_check_pass','您发布的编号:WkHLim1587980417的房源已通过平台审核','您发布的编号:WkHLim1587980417的房源已通过平台审核,您可以上架您的房源在平台展示了',1587988108,0),(18,3,'shhouse_check_pass','您发布的编号:LTi6qs1587981428的房源已通过平台审核','您发布的编号:LTi6qs1587981428的房源已通过平台审核,您可以上架您的房源在平台展示了',1588038071,0),(19,6,'shhouse_check_pass','您发布的编号:KTNIM81588042226的房源已通过平台审核','您发布的编号:KTNIM81588042226的房源已通过平台审核,您可以上架您的房源在平台展示了',1588042686,1),(20,3,'escort_order_complate','您的预约订单已完成','您的预约订单已完成',1588044404,0),(21,6,'escort_order_notime','您的预约订单由于经纪人忙线,暂时无法处理','您的预约订单由于经纪人忙线,暂时无法处理',1588044482,1),(22,1,'escort_order_refund','您的预约订单退款已完成','您的预约订单退款已完成',1588044620,0),(23,6,'escort_order_refund','您的预约订单退款已完成','您的预约订单退款已完成',1588044985,1),(24,4,'escort_order_refund','您的预约订单退款已完成','您的预约订单退款已完成',1588056144,0),(25,4,'escort_order_refund','您的预约订单退款已完成','您的预约订单退款已完成',1588056151,0),(26,3,'escort_order_refund','您的预约订单退款已完成','您的预约订单退款已完成',1588056158,0),(27,3,'escort_order_refund','您的预约订单退款已完成','您的预约订单退款已完成',1588056167,0),(28,3,'escort_order_refund','您的预约订单退款已完成','您的预约订单退款已完成',1588056177,0),(29,2,'shhouse_check_pass','您发布的编号:74463114的房源已通过平台审核','您发布的编号:74463114的房源已通过平台审核,您可以上架您的房源在平台展示了',1588063665,1),(30,1,'shhouse_check_pass','您发布的编号:05507114的房源已通过平台审核','您发布的编号:05507114的房源已通过平台审核,您可以上架您的房源在平台展示了',1588066714,0),(31,2,'shhouse_check_pass','您发布的编号:65419716的房源已通过平台审核','您发布的编号:65419716的房源已通过平台审核,您可以上架您的房源在平台展示了',1588130427,1),(32,2,'shhouse_check_pass','您发布的编号:16932616的房源已通过平台审核','您发布的编号:16932616的房源已通过平台审核,您可以上架您的房源在平台展示了',1588132201,1),(33,3,'shhouse_check_pass','您发布的编号:39027317的房源已通过平台审核','您发布的编号:39027317的房源已通过平台审核,您可以上架您的房源在平台展示了',1588142631,0),(34,6,'shhouse_check_pass','您发布的编号:20764519的房源已通过平台审核','您发布的编号:20764519的房源已通过平台审核,您可以上架您的房源在平台展示了',1588142668,1),(35,1,'shhouse_check_pass','您发布的编号:07992419的房源已通过平台审核','您发布的编号:07992419的房源已通过平台审核,您可以上架您的房源在平台展示了',1588144417,0);
